{"stats":{"minecraft:picked_up":{"minecraft:birch_log":2,"minecraft:iron_chestplate":4,"minecraft:stick":3,"minecraft:raw_iron":2,"minecraft:leather_chestplate":1,"minecraft:azure_bluet":1,"minecraft:tripwire_hook":1,"minecraft:torch":6,"minecraft:golden_axe":1,"minecraft:carrot":66,"minecraft:shield":2,"minecraft:gunpowder":2,"minecraft:mossy_cobblestone":1,"minecraft:dirt":18,"minecraft:spider_eye":1,"minecraft:string":4,"minecraft:iron_axe":1,"minecraft:iron_leggings":12,"minecraft:stone_sword":1,"minecraft:pufferfish":3,"minecraft:rotten_flesh":10,"minecraft:cooked_cod":24,"minecraft:wheat_seeds":17,"minecraft:cobbled_deepslate":22,"minecraft:iron_helmet":7,"minecraft:iron_ingot":7,"minecraft:iron_sword":3,"minecraft:mutton":2,"minecraft:oak_planks":508,"minecraft:white_wool":13,"minecraft:cobblestone":128,"minecraft:iron_boots":7},"minecraft:custom":{"minecraft:time_since_rest":28577,"minecraft:sprint_one_cm":253922,"minecraft:damage_taken":2695,"minecraft:walk_one_cm":327610,"minecraft:damage_blocked_by_shield":220,"minecraft:mob_kills":3,"minecraft:drop":7,"minecraft:damage_dealt":1225,"minecraft:swim_one_cm":13172,"minecraft:interact_with_crafting_table":1,"minecraft:fly_one_cm":75679,"minecraft:player_kills":2,"minecraft:open_chest":5,"minecraft:crouch_one_cm":3658,"minecraft:play_time":86072,"minecraft:deaths":9,"minecraft:sneak_time":1891,"minecraft:walk_under_water_one_cm":2521,"minecraft:jump":779,"minecraft:leave_game":4,"minecraft:time_since_death":28439,"minecraft:walk_on_water_one_cm":32977,"minecraft:total_world_time":86072,"minecraft:fall_one_cm":14577},"minecraft:killed_by":{"minecraft:player":2,"minecraft:skeleton":1,"minecraft:creeper":1,"minecraft:spider":1,"minecraft:zombie":1,"minecraft:pillager":1},"minecraft:used":{"minecraft:stone_sword":1,"minecraft:iron_helmet":1,"minecraft:leather_chestplate":1,"minecraft:shield":3,"minecraft:iron_sword":7,"minecraft:pufferfish":1,"minecraft:iron_chestplate":1,"minecraft:mutton":2,"minecraft:cooked_cod":5,"minecraft:cobbled_deepslate":11,"minecraft:iron_leggings":2,"minecraft:golden_axe":7},"minecraft:killed":{"minecraft:sheep":1,"minecraft:zombie":1},"minecraft:dropped":{"minecraft:iron_sword":1,"minecraft:shield":1,"minecraft:spider_eye":1,"minecraft:azure_bluet":1,"minecraft:stick":1,"minecraft:pufferfish":2},"minecraft:mined":{"minecraft:birch_log":2,"minecraft:glow_lichen":1,"minecraft:torch":1,"minecraft:grass":14,"minecraft:grass_block":4,"minecraft:dirt":3,"minecraft:tall_grass":7,"minecraft:wall_torch":2}},"DataVersion":3465}