{"stats":{"minecraft:picked_up":{"minecraft:iron_chestplate":5,"minecraft:wheat":164,"minecraft:diamond_sword":4,"minecraft:enchanted_book":1,"minecraft:amethyst_block":1,"minecraft:string":6,"minecraft:cooked_salmon":8,"minecraft:raw_copper":16,"minecraft:iron_leggings":5,"minecraft:cobbled_deepslate":1195,"minecraft:calcite":13,"minecraft:iron_pickaxe":7,"minecraft:melon_slice":59,"minecraft:furnace":3,"minecraft:iron_boots":5,"minecraft:golden_helmet":2,"minecraft:stick":201,"minecraft:oak_fence":22,"minecraft:torch":367,"minecraft:porkchop":37,"minecraft:diorite":22,"minecraft:golden_chestplate":2,"minecraft:stone_sword":5,"minecraft:rotten_flesh":97,"minecraft:cod":5,"minecraft:cobblestone":506,"minecraft:birch_log":178,"minecraft:magma_block":3,"minecraft:water_bucket":4,"minecraft:andesite":16,"minecraft:golden_leggings":1,"minecraft:potato":1620,"minecraft:flint":1,"minecraft:tuff":44,"minecraft:dirt":2332,"minecraft:lapis_lazuli":291,"minecraft:name_tag":1,"minecraft:bone":151,"minecraft:bow":10,"minecraft:wheat_seeds":587,"minecraft:raw_gold":47,"minecraft:cobbled_deepslate_slab":2,"minecraft:bell":4,"minecraft:stone_hoe":4,"minecraft:oak_planks":501,"minecraft:poisonous_potato":7,"minecraft:birch_fence_gate":1,"minecraft:sand":829,"minecraft:ink_sac":1,"minecraft:diamond":44,"minecraft:deepslate":3,"minecraft:granite":39,"minecraft:golden_apple":3,"minecraft:golden_horse_armor":1,"minecraft:bread":5,"minecraft:chainmail_helmet":1,"minecraft:oak_sapling":157,"minecraft:diamond_pickaxe":4,"minecraft:crafting_table":3,"minecraft:wooden_pickaxe":5,"minecraft:shield":2,"minecraft:iron_axe":1,"minecraft:wooden_sword":5,"minecraft:birch_fence":3,"minecraft:glass_pane":1,"minecraft:poppy":1,"minecraft:chest":7,"minecraft:sugar_cane":40,"minecraft:birch_sapling":5,"minecraft:phantom_membrane":1,"minecraft:raw_iron":365,"minecraft:sandstone":731,"minecraft:oak_door":15,"minecraft:copper_ingot":1,"minecraft:carrot":1244,"minecraft:redstone":126,"minecraft:arrow":135,"minecraft:stone_shovel":1,"minecraft:cooked_cod":44,"minecraft:beetroot_seeds":4,"minecraft:gold_ingot":5,"minecraft:rail":23,"minecraft:white_wool":6,"minecraft:salmon":6,"minecraft:birch_planks":58,"minecraft:oak_log":533,"minecraft:cobbled_deepslate_stairs":13,"minecraft:gunpowder":6,"minecraft:paper":2,"minecraft:white_banner":2,"minecraft:apple":33,"minecraft:stone_bricks":30,"minecraft:oak_fence_gate":2,"minecraft:iron_ingot":19,"minecraft:stone_pickaxe":1,"minecraft:iron_sword":5,"minecraft:oak_slab":8,"minecraft:smooth_basalt":11,"minecraft:dandelion":5,"minecraft:gravel":3,"minecraft:birch_stairs":2,"minecraft:amethyst_shard":4,"minecraft:white_bed":4,"minecraft:spider_eye":5,"minecraft:pumpkin_seeds":2,"minecraft:stone_axe":2,"minecraft:iron_helmet":4,"minecraft:gray_wool":2,"minecraft:baked_potato":295,"minecraft:melon_seeds":1,"minecraft:coal":672},"minecraft:custom":{"minecraft:animals_bred":34,"minecraft:interact_with_crafting_table":144,"minecraft:bell_ring":54,"minecraft:leave_game":47,"minecraft:time_since_death":32390,"minecraft:sprint_one_cm":3261336,"minecraft:damage_blocked_by_shield":1411,"minecraft:drop":86,"minecraft:play_time":1028385,"minecraft:deaths":6,"minecraft:jump":14292,"minecraft:walk_on_water_one_cm":239588,"minecraft:enchant_item":4,"minecraft:interact_with_furnace":310,"minecraft:sleep_in_bed":23,"minecraft:damage_dealt":33442,"minecraft:crouch_one_cm":103211,"minecraft:horse_one_cm":124488,"minecraft:mob_kills":187,"minecraft:interact_with_anvil":3,"minecraft:climb_one_cm":1785,"minecraft:walk_one_cm":3077267,"minecraft:sneak_time":25949,"minecraft:walk_under_water_one_cm":114753,"minecraft:boat_one_cm":35588,"minecraft:total_world_time":1028385,"minecraft:time_since_rest":6024,"minecraft:damage_taken":11893,"minecraft:swim_one_cm":234555,"minecraft:fly_one_cm":3346579,"minecraft:open_chest":384,"minecraft:fall_one_cm":226526},"minecraft:killed_by":{"minecraft:creeper":2,"minecraft:vindicator":1,"minecraft:zombie":1,"minecraft:skeleton":1},"minecraft:used":{"minecraft:iron_shovel":1781,"minecraft:chest":44,"minecraft:shield":23,"minecraft:iron_sword":215,"minecraft:bell":2,"minecraft:rotten_flesh":6,"minecraft:carrot":531,"minecraft:birch_sapling":5,"minecraft:stone_bricks":64,"minecraft:furnace":16,"minecraft:oak_sapling":148,"minecraft:cooked_cod":1,"minecraft:potato":677,"minecraft:diorite":3,"minecraft:stone_pickaxe":286,"minecraft:oak_planks":1441,"minecraft:wooden_pickaxe":58,"minecraft:sandstone":696,"minecraft:sugar_cane":40,"minecraft:sand":432,"minecraft:cobbled_deepslate_stairs":348,"minecraft:birch_fence":50,"minecraft:birch_fence_gate":9,"minecraft:bread":3,"minecraft:gravel":1,"minecraft:diamond_sword":455,"minecraft:wooden_sword":12,"minecraft:andesite":2,"minecraft:oak_boat":1,"minecraft:bone_meal":6,"minecraft:oak_fence":137,"minecraft:stone_sword":32,"minecraft:stone_shovel":963,"minecraft:cooked_salmon":5,"minecraft:stone_hoe":436,"minecraft:oak_door":20,"minecraft:torch":751,"minecraft:dirt":1486,"minecraft:granite":4,"minecraft:oak_fence_gate":4,"minecraft:iron_axe":984,"minecraft:oak_stairs":9,"minecraft:melon_seeds":12,"minecraft:smooth_basalt":3,"minecraft:cobbled_deepslate":543,"minecraft:calcite":6,"minecraft:wheat_seeds":268,"minecraft:water_bucket":217,"minecraft:birch_planks":329,"minecraft:baked_potato":275,"minecraft:oak_slab":45,"minecraft:crafting_table":8,"minecraft:white_bed":6,"minecraft:oak_log":11,"minecraft:diamond_pickaxe":1266,"minecraft:apple":1,"minecraft:iron_pickaxe":2633,"minecraft:stone_axe":272,"minecraft:cobblestone":38,"minecraft:cobbled_deepslate_slab":2,"minecraft:white_banner":2,"minecraft:cooked_porkchop":7,"minecraft:bucket":218,"minecraft:glass_pane":229,"minecraft:dandelion":1,"minecraft:birch_stairs":16},"minecraft:broken":{"minecraft:iron_shovel":7,"minecraft:stone_pickaxe":2,"minecraft:stone_axe":2,"minecraft:stone_shovel":7,"minecraft:stone_hoe":3,"minecraft:iron_axe":3,"minecraft:iron_pickaxe":9,"minecraft:iron_helmet":1},"minecraft:killed":{"minecraft:cave_spider":1,"minecraft:spider":10,"minecraft:skeleton":97,"minecraft:pig":17,"minecraft:salmon":3,"minecraft:creeper":2,"minecraft:pillager":2,"minecraft:zombie":42,"minecraft:phantom":1,"minecraft:drowned":8,"minecraft:enderman":1},"minecraft:dropped":{"minecraft:iron_sword":1,"minecraft:lapis_lazuli":21,"minecraft:oak_log":19,"minecraft:baked_potato":67,"minecraft:flint":1,"minecraft:cooked_cod":16,"minecraft:wooden_sword":2,"minecraft:iron_pickaxe":3,"minecraft:bone":14,"minecraft:gravel":2,"minecraft:cobbled_deepslate":150,"minecraft:wheat":2,"minecraft:rotten_flesh":65,"minecraft:carrot":160,"minecraft:poppy":1,"minecraft:gunpowder":2,"minecraft:arrow":3,"minecraft:bread":2,"minecraft:wheat_seeds":71,"minecraft:cobbled_deepslate_stairs":1,"minecraft:cobblestone":1,"minecraft:granite":5,"minecraft:stick":1,"minecraft:dandelion":3,"minecraft:deepslate":2,"minecraft:tuff":15,"minecraft:stone_shovel":1,"minecraft:glass_pane":1,"minecraft:diamond_sword":2,"minecraft:diamond_pickaxe":1,"minecraft:andesite":2,"minecraft:oak_sapling":2,"minecraft:spider_eye":2,"minecraft:sandstone":1,"minecraft:wooden_pickaxe":2,"minecraft:stone_pickaxe":1},"minecraft:mined":{"minecraft:white_bed":4,"minecraft:oak_sapling":6,"minecraft:farmland":18,"minecraft:cobbled_deepslate_stairs":13,"minecraft:sculk_vein":5,"minecraft:granite":30,"minecraft:budding_amethyst":1,"minecraft:grass_block":1909,"minecraft:spawner":3,"minecraft:magma_block":3,"minecraft:iron_ore":140,"minecraft:cobbled_deepslate":243,"minecraft:deepslate_lapis_ore":15,"minecraft:dirt_path":1,"minecraft:white_banner":1,"minecraft:deepslate_redstone_ore":34,"minecraft:amethyst_cluster":1,"minecraft:torch":133,"minecraft:calcite":10,"minecraft:melon":11,"minecraft:chest":7,"minecraft:cobblestone":12,"minecraft:sugar_cane":34,"minecraft:oak_planks":326,"minecraft:wall_torch":75,"minecraft:amethyst_block":12,"minecraft:birch_log":178,"minecraft:wheat":169,"minecraft:grass":422,"minecraft:oak_log":511,"minecraft:oak_fence_gate":2,"minecraft:sand":721,"minecraft:dirt":225,"minecraft:smooth_basalt":7,"minecraft:oak_leaves":134,"minecraft:deepslate":1627,"minecraft:tuff":107,"minecraft:deepslate_diamond_ore":23,"minecraft:oak_door":6,"minecraft:birch_fence_gate":1,"minecraft:cobbled_deepslate_slab":2,"minecraft:sandstone":742,"minecraft:furnace":3,"minecraft:carrots":337,"minecraft:andesite":13,"minecraft:bell":2,"minecraft:potatoes":469,"minecraft:deepslate_iron_ore":70,"minecraft:stone":381,"minecraft:oak_slab":8,"minecraft:birch_stairs":1,"minecraft:glass_pane":42,"minecraft:dandelion":1,"minecraft:oak_fence":20,"minecraft:crafting_table":3,"minecraft:tall_grass":69,"minecraft:copper_ore":5,"minecraft:deepslate_coal_ore":1,"minecraft:lapis_ore":10,"minecraft:deepslate_gold_ore":47,"minecraft:sculk":40,"minecraft:diorite":22,"minecraft:birch_planks":22,"minecraft:birch_leaves":47,"minecraft:coal_ore":487,"minecraft:gravel":9,"minecraft:stone_bricks":38,"minecraft:birch_fence":3},"minecraft:crafted":{"minecraft:oak_planks":1904,"minecraft:stone":109,"minecraft:glass":128,"minecraft:iron_boots":2,"minecraft:melon_seeds":2,"minecraft:birch_fence_gate":8,"minecraft:chest":37,"minecraft:stone_hoe":5,"minecraft:stone_bricks":104,"minecraft:oak_fence":120,"minecraft:oak_slab":72,"minecraft:deepslate":1,"minecraft:cooked_porkchop":32,"minecraft:crafting_table":5,"minecraft:baked_potato":514,"minecraft:wooden_pickaxe":1,"minecraft:iron_helmet":3,"minecraft:copper_ingot":8,"minecraft:oak_wood":3,"minecraft:birch_planks":596,"minecraft:iron_chestplate":2,"minecraft:diamond_pickaxe":2,"minecraft:shield":1,"minecraft:birch_fence":75,"minecraft:stick":369,"minecraft:iron_ingot":256,"minecraft:iron_pickaxe":12,"minecraft:stone_sword":1,"minecraft:gold_ingot":47,"minecraft:birch_stairs":16,"minecraft:shears":1,"minecraft:wooden_sword":1,"minecraft:cobbled_deepslate_slab":6,"minecraft:oak_door":9,"minecraft:stone_shovel":7,"minecraft:iron_nugget":3,"minecraft:furnace":13,"minecraft:bone_meal":6,"minecraft:glass_pane":320,"minecraft:iron_axe":4,"minecraft:stone_pickaxe":4,"minecraft:cobbled_deepslate_stairs":336,"minecraft:cooked_cod":5,"minecraft:diamond_sword":1,"minecraft:iron_sword":1,"minecraft:cooked_salmon":3,"minecraft:bucket":1,"minecraft:stone_axe":2,"minecraft:amethyst_block":1,"minecraft:bread":34,"minecraft:air":0,"minecraft:oak_fence_gate":4,"minecraft:oak_boat":1,"minecraft:gold_nugget":1,"minecraft:oak_stairs":40,"minecraft:iron_shovel":7,"minecraft:iron_leggings":2,"minecraft:white_bed":2,"minecraft:torch":426}},"DataVersion":3465}