{"stats":{"minecraft:dropped":{"minecraft:bread":2,"minecraft:iron_sword":1,"minecraft:wheat_seeds":69,"minecraft:baked_potato":65,"minecraft:cobblestone":4,"minecraft:stick":1,"minecraft:flint":1,"minecraft:cooked_cod":16,"minecraft:wooden_sword":2,"minecraft:dandelion":3,"minecraft:bone":14,"minecraft:gravel":2,"minecraft:cobbled_deepslate":150,"minecraft:deepslate":1,"minecraft:tuff":15,"minecraft:wheat":2,"minecraft:stone_shovel":1,"minecraft:rotten_flesh":41,"minecraft:carrot":160,"minecraft:poppy":1,"minecraft:oak_sapling":2,"minecraft:spider_eye":1,"minecraft:arrow":3,"minecraft:stone_pickaxe":1,"minecraft:wooden_pickaxe":2},"minecraft:used":{"minecraft:oak_fence":120,"minecraft:stone_sword":32,"minecraft:iron_shovel":1400,"minecraft:stone_shovel":963,"minecraft:chest":4,"minecraft:shield":11,"minecraft:iron_sword":215,"minecraft:cooked_salmon":5,"minecraft:bell":1,"minecraft:rotten_flesh":6,"minecraft:stone_hoe":434,"minecraft:oak_door":8,"minecraft:torch":608,"minecraft:dirt":1315,"minecraft:carrot":421,"minecraft:granite":4,"minecraft:oak_fence_gate":2,"minecraft:iron_axe":159,"minecraft:birch_sapling":1,"minecraft:melon_seeds":10,"minecraft:stone_bricks":35,"minecraft:smooth_basalt":3,"minecraft:oak_sapling":45,"minecraft:furnace":3,"minecraft:cooked_cod":1,"minecraft:potato":498,"minecraft:cobbled_deepslate":416,"minecraft:calcite":6,"minecraft:wheat_seeds":193,"minecraft:water_bucket":183,"minecraft:diorite":3,"minecraft:birch_planks":109,"minecraft:baked_potato":158,"minecraft:stone_pickaxe":286,"minecraft:oak_planks":323,"minecraft:wooden_pickaxe":58,"minecraft:sandstone":131,"minecraft:sugar_cane":40,"minecraft:sand":367,"minecraft:crafting_table":2,"minecraft:white_bed":1,"minecraft:cobbled_deepslate_stairs":44,"minecraft:birch_fence":1,"minecraft:diamond_pickaxe":683,"minecraft:apple":1,"minecraft:birch_fence_gate":9,"minecraft:iron_pickaxe":1761,"minecraft:bread":3,"minecraft:gravel":1,"minecraft:stone_axe":272,"minecraft:diamond_sword":189,"minecraft:wooden_sword":12,"minecraft:cobblestone":36,"minecraft:white_banner":1,"minecraft:cooked_porkchop":7,"minecraft:andesite":2,"minecraft:bucket":184,"minecraft:glass_pane":56,"minecraft:oak_boat":1,"minecraft:dandelion":1,"minecraft:bone_meal":6,"minecraft:birch_stairs":16},"minecraft:killed":{"minecraft:cave_spider":1,"minecraft:spider":4,"minecraft:skeleton":50,"minecraft:drowned":2,"minecraft:pig":9,"minecraft:salmon":3,"minecraft:creeper":1,"minecraft:pillager":2,"minecraft:zombie":27},"minecraft:broken":{"minecraft:iron_shovel":5,"minecraft:stone_hoe":3,"minecraft:stone_pickaxe":2,"minecraft:stone_axe":2,"minecraft:iron_pickaxe":6,"minecraft:iron_helmet":1,"minecraft:stone_shovel":7},"minecraft:crafted":{"minecraft:wooden_sword":1,"minecraft:oak_door":9,"minecraft:oak_planks":788,"minecraft:stone_shovel":7,"minecraft:iron_nugget":3,"minecraft:furnace":3,"minecraft:stone":109,"minecraft:bone_meal":6,"minecraft:glass_pane":304,"minecraft:glass":128,"minecraft:iron_boots":1,"minecraft:iron_axe":1,"minecraft:birch_fence_gate":8,"minecraft:stone_pickaxe":4,"minecraft:chest":4,"minecraft:cobbled_deepslate_stairs":40,"minecraft:stone_hoe":5,"minecraft:stone_bricks":104,"minecraft:oak_fence":120,"minecraft:cooked_cod":5,"minecraft:deepslate":1,"minecraft:diamond_sword":1,"minecraft:cooked_porkchop":12,"minecraft:crafting_table":2,"minecraft:iron_helmet":2,"minecraft:wooden_pickaxe":1,"minecraft:baked_potato":475,"minecraft:iron_sword":1,"minecraft:cooked_salmon":3,"minecraft:copper_ingot":8,"minecraft:bucket":1,"minecraft:oak_wood":3,"minecraft:birch_planks":340,"minecraft:stone_axe":2,"minecraft:bread":34,"minecraft:air":0,"minecraft:oak_fence_gate":4,"minecraft:oak_boat":1,"minecraft:iron_chestplate":1,"minecraft:diamond_pickaxe":1,"minecraft:gold_nugget":1,"minecraft:shield":1,"minecraft:birch_fence":75,"minecraft:stick":365,"minecraft:iron_ingot":108,"minecraft:iron_pickaxe":9,"minecraft:stone_sword":1,"minecraft:iron_shovel":6,"minecraft:gold_ingot":47,"minecraft:iron_leggings":1,"minecraft:white_bed":1,"minecraft:torch":426,"minecraft:birch_stairs":16,"minecraft:shears":1},"minecraft:killed_by":{"minecraft:creeper":1,"minecraft:vindicator":1,"minecraft:skeleton":1,"minecraft:zombie":1},"minecraft:custom":{"minecraft:interact_with_anvil":3,"minecraft:mob_kills":101,"minecraft:animals_bred":28,"minecraft:interact_with_crafting_table":104,"minecraft:bell_ring":48,"minecraft:leave_game":34,"minecraft:time_since_death":206715,"minecraft:climb_one_cm":1441,"minecraft:sprint_one_cm":1883951,"minecraft:damage_blocked_by_shield":570,"minecraft:walk_one_cm":1712397,"minecraft:drop":60,"minecraft:play_time":623723,"minecraft:sneak_time":7902,"minecraft:deaths":5,"minecraft:walk_under_water_one_cm":78335,"minecraft:boat_one_cm":3138,"minecraft:jump":10047,"minecraft:walk_on_water_one_cm":174766,"minecraft:enchant_item":2,"minecraft:total_world_time":623723,"minecraft:interact_with_furnace":211,"minecraft:sleep_in_bed":11,"minecraft:time_since_rest":56917,"minecraft:damage_taken":8341,"minecraft:damage_dealt":17675,"minecraft:swim_one_cm":117394,"minecraft:fly_one_cm":2389660,"minecraft:open_chest":182,"minecraft:crouch_one_cm":25184,"minecraft:fall_one_cm":165207,"minecraft:horse_one_cm":112384},"minecraft:mined":{"minecraft:tuff":107,"minecraft:oak_sapling":4,"minecraft:farmland":18,"minecraft:deepslate_diamond_ore":23,"minecraft:cobbled_deepslate_stairs":4,"minecraft:oak_door":1,"minecraft:sculk_vein":5,"minecraft:birch_fence_gate":1,"minecraft:granite":23,"minecraft:grass_block":1610,"minecraft:sandstone":227,"minecraft:spawner":2,"minecraft:magma_block":3,"minecraft:carrots":228,"minecraft:iron_ore":41,"minecraft:cobbled_deepslate":97,"minecraft:andesite":12,"minecraft:deepslate_lapis_ore":15,"minecraft:bell":1,"minecraft:potatoes":291,"minecraft:dirt_path":1,"minecraft:deepslate_iron_ore":69,"minecraft:stone":228,"minecraft:white_banner":1,"minecraft:deepslate_redstone_ore":34,"minecraft:birch_stairs":1,"minecraft:dandelion":1,"minecraft:oak_fence":1,"minecraft:torch":105,"minecraft:crafting_table":1,"minecraft:calcite":7,"minecraft:melon":7,"minecraft:copper_ore":4,"minecraft:tall_grass":49,"minecraft:cobblestone":8,"minecraft:deepslate_coal_ore":1,"minecraft:deepslate_gold_ore":47,"minecraft:lapis_ore":2,"minecraft:oak_planks":44,"minecraft:sugar_cane":34,"minecraft:sculk":40,"minecraft:wall_torch":68,"minecraft:diorite":3,"minecraft:amethyst_block":8,"minecraft:birch_planks":15,"minecraft:birch_log":85,"minecraft:wheat":103,"minecraft:birch_leaves":13,"minecraft:grass":404,"minecraft:coal_ore":425,"minecraft:oak_log":206,"minecraft:gravel":8,"minecraft:dirt":194,"minecraft:sand":637,"minecraft:smooth_basalt":3,"minecraft:stone_bricks":2,"minecraft:oak_leaves":78,"minecraft:deepslate":1291,"minecraft:birch_fence":1},"minecraft:picked_up":{"minecraft:iron_chestplate":4,"minecraft:crafting_table":1,"minecraft:wheat":101,"minecraft:diamond_sword":1,"minecraft:wooden_pickaxe":5,"minecraft:shield":1,"minecraft:string":2,"minecraft:raw_copper":16,"minecraft:cooked_salmon":8,"minecraft:wooden_sword":5,"minecraft:iron_leggings":4,"minecraft:birch_fence":1,"minecraft:cobbled_deepslate":718,"minecraft:calcite":7,"minecraft:poppy":1,"minecraft:iron_pickaxe":2,"minecraft:melon_slice":37,"minecraft:sugar_cane":40,"minecraft:birch_sapling":1,"minecraft:iron_boots":4,"minecraft:stick":77,"minecraft:raw_iron":110,"minecraft:sandstone":130,"minecraft:oak_door":2,"minecraft:copper_ingot":1,"minecraft:oak_fence":1,"minecraft:torch":322,"minecraft:porkchop":22,"minecraft:diorite":3,"minecraft:carrot":849,"minecraft:redstone":126,"minecraft:golden_chestplate":2,"minecraft:stone_sword":5,"minecraft:arrow":87,"minecraft:stone_shovel":1,"minecraft:rotten_flesh":65,"minecraft:cooked_cod":44,"minecraft:gold_ingot":5,"minecraft:cod":5,"minecraft:white_wool":6,"minecraft:cobblestone":273,"minecraft:nautilus_shell":1,"minecraft:birch_log":85,"minecraft:magma_block":3,"minecraft:andesite":12,"minecraft:water_bucket":3,"minecraft:salmon":6,"minecraft:golden_leggings":1,"minecraft:potato":978,"minecraft:birch_planks":51,"minecraft:flint":1,"minecraft:tuff":44,"minecraft:oak_log":227,"minecraft:cobbled_deepslate_stairs":4,"minecraft:lapis_lazuli":137,"minecraft:dirt":1935,"minecraft:paper":2,"minecraft:white_banner":1,"minecraft:name_tag":1,"minecraft:bone":92,"minecraft:apple":16,"minecraft:stone_bricks":2,"minecraft:bow":6,"minecraft:wheat_seeds":411,"minecraft:raw_gold":47,"minecraft:bell":1,"minecraft:iron_ingot":14,"minecraft:stone_pickaxe":1,"minecraft:stone_hoe":3,"minecraft:iron_sword":4,"minecraft:oak_planks":148,"minecraft:smooth_basalt":3,"minecraft:dandelion":5,"minecraft:poisonous_potato":2,"minecraft:gravel":3,"minecraft:birch_fence_gate":1,"minecraft:birch_stairs":1,"minecraft:sand":746,"minecraft:ink_sac":1,"minecraft:spider_eye":3,"minecraft:diamond":28,"minecraft:stone_axe":2,"minecraft:iron_helmet":3,"minecraft:granite":32,"minecraft:golden_apple":2,"minecraft:gray_wool":2,"minecraft:bread":5,"minecraft:baked_potato":253,"minecraft:oak_sapling":50,"minecraft:melon_seeds":1,"minecraft:coal":541,"minecraft:diamond_pickaxe":1}},"DataVersion":3465}