{"stats":{"minecraft:picked_up":{"minecraft:iron_chestplate":4,"minecraft:crafting_table":1,"minecraft:wheat":101,"minecraft:diamond_sword":1,"minecraft:wooden_pickaxe":5,"minecraft:shield":1,"minecraft:string":2,"minecraft:raw_copper":16,"minecraft:cooked_salmon":8,"minecraft:wooden_sword":5,"minecraft:iron_leggings":4,"minecraft:birch_fence":1,"minecraft:cobbled_deepslate":1192,"minecraft:calcite":7,"minecraft:poppy":1,"minecraft:iron_pickaxe":5,"minecraft:phantom_membrane":1,"minecraft:chest":7,"minecraft:melon_slice":20,"minecraft:sugar_cane":40,"minecraft:birch_sapling":1,"minecraft:iron_boots":4,"minecraft:stick":90,"minecraft:raw_iron":139,"minecraft:sandstone":719,"minecraft:oak_door":15,"minecraft:copper_ingot":1,"minecraft:oak_fence":22,"minecraft:torch":350,"minecraft:porkchop":37,"minecraft:diorite":5,"minecraft:carrot":849,"minecraft:redstone":126,"minecraft:golden_chestplate":2,"minecraft:stone_sword":5,"minecraft:arrow":88,"minecraft:stone_shovel":1,"minecraft:rotten_flesh":84,"minecraft:cooked_cod":44,"minecraft:gold_ingot":5,"minecraft:cod":5,"minecraft:white_wool":6,"minecraft:cobblestone":348,"minecraft:birch_log":85,"minecraft:magma_block":3,"minecraft:andesite":15,"minecraft:water_bucket":3,"minecraft:salmon":6,"minecraft:golden_leggings":1,"minecraft:potato":978,"minecraft:birch_planks":54,"minecraft:flint":1,"minecraft:tuff":44,"minecraft:oak_log":298,"minecraft:cobbled_deepslate_stairs":5,"minecraft:lapis_lazuli":164,"minecraft:dirt":2248,"minecraft:paper":2,"minecraft:white_banner":1,"minecraft:name_tag":1,"minecraft:bone":94,"minecraft:apple":19,"minecraft:stone_bricks":30,"minecraft:bow":7,"minecraft:wheat_seeds":412,"minecraft:raw_gold":47,"minecraft:bell":1,"minecraft:iron_ingot":14,"minecraft:oak_fence_gate":2,"minecraft:stone_pickaxe":1,"minecraft:stone_hoe":3,"minecraft:iron_sword":4,"minecraft:oak_planks":325,"minecraft:smooth_basalt":3,"minecraft:dandelion":5,"minecraft:poisonous_potato":2,"minecraft:gravel":3,"minecraft:birch_fence_gate":1,"minecraft:birch_stairs":2,"minecraft:sand":815,"minecraft:ink_sac":1,"minecraft:spider_eye":3,"minecraft:diamond":44,"minecraft:deepslate":3,"minecraft:stone_axe":2,"minecraft:iron_helmet":3,"minecraft:granite":32,"minecraft:golden_apple":2,"minecraft:gray_wool":2,"minecraft:bread":5,"minecraft:baked_potato":255,"minecraft:oak_sapling":83,"minecraft:melon_seeds":1,"minecraft:coal":563,"minecraft:diamond_pickaxe":1},"minecraft:killed_by":{"minecraft:creeper":1,"minecraft:vindicator":1,"minecraft:skeleton":1,"minecraft:zombie":1},"minecraft:mined":{"minecraft:tuff":107,"minecraft:oak_sapling":4,"minecraft:farmland":18,"minecraft:deepslate_diamond_ore":23,"minecraft:cobbled_deepslate_stairs":5,"minecraft:oak_door":6,"minecraft:sculk_vein":5,"minecraft:birch_fence_gate":1,"minecraft:granite":23,"minecraft:grass_block":1909,"minecraft:sandstone":730,"minecraft:spawner":2,"minecraft:magma_block":3,"minecraft:carrots":228,"minecraft:iron_ore":70,"minecraft:cobbled_deepslate":240,"minecraft:andesite":13,"minecraft:deepslate_lapis_ore":15,"minecraft:bell":1,"minecraft:potatoes":291,"minecraft:dirt_path":1,"minecraft:deepslate_iron_ore":69,"minecraft:stone":286,"minecraft:white_banner":1,"minecraft:deepslate_redstone_ore":34,"minecraft:birch_stairs":1,"minecraft:glass_pane":13,"minecraft:dandelion":1,"minecraft:oak_fence":20,"minecraft:torch":124,"minecraft:crafting_table":1,"minecraft:calcite":7,"minecraft:melon":3,"minecraft:chest":7,"minecraft:copper_ore":4,"minecraft:tall_grass":50,"minecraft:cobblestone":8,"minecraft:deepslate_coal_ore":1,"minecraft:deepslate_gold_ore":47,"minecraft:lapis_ore":7,"minecraft:oak_planks":219,"minecraft:sugar_cane":34,"minecraft:sculk":40,"minecraft:wall_torch":71,"minecraft:diorite":5,"minecraft:amethyst_block":8,"minecraft:birch_planks":18,"minecraft:birch_log":85,"minecraft:wheat":103,"minecraft:birch_leaves":13,"minecraft:grass":408,"minecraft:coal_ore":447,"minecraft:oak_log":277,"minecraft:oak_fence_gate":2,"minecraft:gravel":8,"minecraft:dirt":208,"minecraft:sand":707,"minecraft:smooth_basalt":3,"minecraft:stone_bricks":38,"minecraft:oak_leaves":88,"minecraft:deepslate":1627,"minecraft:birch_fence":1},"minecraft:custom":{"minecraft:interact_with_anvil":3,"minecraft:mob_kills":126,"minecraft:animals_bred":34,"minecraft:interact_with_crafting_table":120,"minecraft:bell_ring":48,"minecraft:leave_game":38,"minecraft:time_since_death":371792,"minecraft:climb_one_cm":1441,"minecraft:sprint_one_cm":2301948,"minecraft:damage_blocked_by_shield":1050,"minecraft:walk_one_cm":2325523,"minecraft:drop":73,"minecraft:play_time":788800,"minecraft:sneak_time":11251,"minecraft:deaths":5,"minecraft:walk_under_water_one_cm":87881,"minecraft:boat_one_cm":35588,"minecraft:jump":11588,"minecraft:walk_on_water_one_cm":211329,"minecraft:enchant_item":2,"minecraft:total_world_time":788800,"minecraft:interact_with_furnace":220,"minecraft:sleep_in_bed":14,"minecraft:time_since_rest":81659,"minecraft:damage_taken":9483,"minecraft:damage_dealt":22080,"minecraft:swim_one_cm":167939,"minecraft:fly_one_cm":2700169,"minecraft:open_chest":217,"minecraft:crouch_one_cm":38284,"minecraft:fall_one_cm":181054,"minecraft:horse_one_cm":123385},"minecraft:crafted":{"minecraft:wooden_sword":1,"minecraft:oak_door":9,"minecraft:oak_planks":916,"minecraft:stone_shovel":7,"minecraft:iron_nugget":3,"minecraft:furnace":3,"minecraft:stone":109,"minecraft:bone_meal":6,"minecraft:glass_pane":320,"minecraft:glass":128,"minecraft:iron_boots":1,"minecraft:iron_axe":2,"minecraft:birch_fence_gate":8,"minecraft:stone_pickaxe":4,"minecraft:chest":31,"minecraft:cobbled_deepslate_stairs":80,"minecraft:stone_hoe":5,"minecraft:stone_bricks":104,"minecraft:oak_fence":120,"minecraft:cooked_cod":5,"minecraft:deepslate":1,"minecraft:diamond_sword":1,"minecraft:cooked_porkchop":12,"minecraft:crafting_table":2,"minecraft:iron_helmet":2,"minecraft:wooden_pickaxe":1,"minecraft:baked_potato":475,"minecraft:iron_sword":1,"minecraft:cooked_salmon":3,"minecraft:copper_ingot":8,"minecraft:bucket":1,"minecraft:oak_wood":3,"minecraft:birch_planks":340,"minecraft:stone_axe":2,"minecraft:bread":34,"minecraft:air":0,"minecraft:oak_fence_gate":4,"minecraft:oak_boat":1,"minecraft:iron_chestplate":1,"minecraft:diamond_pickaxe":1,"minecraft:gold_nugget":1,"minecraft:shield":1,"minecraft:birch_fence":75,"minecraft:stick":369,"minecraft:iron_ingot":137,"minecraft:iron_pickaxe":10,"minecraft:stone_sword":1,"minecraft:iron_shovel":7,"minecraft:gold_ingot":47,"minecraft:iron_leggings":1,"minecraft:white_bed":1,"minecraft:torch":426,"minecraft:birch_stairs":16,"minecraft:shears":1},"minecraft:used":{"minecraft:oak_fence":137,"minecraft:stone_sword":32,"minecraft:iron_shovel":1770,"minecraft:stone_shovel":963,"minecraft:chest":37,"minecraft:shield":17,"minecraft:iron_sword":215,"minecraft:cooked_salmon":5,"minecraft:bell":1,"minecraft:rotten_flesh":6,"minecraft:stone_hoe":434,"minecraft:oak_door":20,"minecraft:torch":652,"minecraft:dirt":1483,"minecraft:carrot":421,"minecraft:granite":4,"minecraft:oak_fence_gate":4,"minecraft:iron_axe":453,"minecraft:birch_sapling":1,"minecraft:melon_seeds":10,"minecraft:stone_bricks":62,"minecraft:smooth_basalt":3,"minecraft:oak_sapling":79,"minecraft:furnace":3,"minecraft:cooked_cod":1,"minecraft:potato":498,"minecraft:cobbled_deepslate":513,"minecraft:calcite":6,"minecraft:wheat_seeds":193,"minecraft:water_bucket":189,"minecraft:diorite":3,"minecraft:birch_planks":112,"minecraft:baked_potato":194,"minecraft:stone_pickaxe":286,"minecraft:oak_planks":517,"minecraft:wooden_pickaxe":58,"minecraft:sandstone":695,"minecraft:sugar_cane":40,"minecraft:sand":424,"minecraft:crafting_table":2,"minecraft:white_bed":1,"minecraft:cobbled_deepslate_stairs":85,"minecraft:birch_fence":1,"minecraft:oak_log":9,"minecraft:diamond_pickaxe":1077,"minecraft:apple":1,"minecraft:birch_fence_gate":9,"minecraft:iron_pickaxe":2525,"minecraft:bread":3,"minecraft:gravel":1,"minecraft:stone_axe":272,"minecraft:wooden_sword":12,"minecraft:diamond_sword":260,"minecraft:cobblestone":36,"minecraft:white_banner":1,"minecraft:cooked_porkchop":7,"minecraft:andesite":2,"minecraft:bucket":190,"minecraft:glass_pane":107,"minecraft:oak_boat":1,"minecraft:dandelion":1,"minecraft:bone_meal":6,"minecraft:birch_stairs":16},"minecraft:killed":{"minecraft:cave_spider":1,"minecraft:spider":6,"minecraft:phantom":1,"minecraft:skeleton":52,"minecraft:drowned":8,"minecraft:pig":17,"minecraft:salmon":3,"minecraft:creeper":1,"minecraft:pillager":2,"minecraft:zombie":32},"minecraft:dropped":{"minecraft:bread":2,"minecraft:iron_sword":1,"minecraft:wheat_seeds":70,"minecraft:baked_potato":67,"minecraft:cobblestone":1,"minecraft:stick":1,"minecraft:flint":1,"minecraft:cooked_cod":16,"minecraft:wooden_sword":2,"minecraft:iron_pickaxe":3,"minecraft:dandelion":3,"minecraft:bone":14,"minecraft:gravel":2,"minecraft:cobbled_deepslate":150,"minecraft:deepslate":2,"minecraft:tuff":15,"minecraft:wheat":2,"minecraft:stone_shovel":1,"minecraft:rotten_flesh":54,"minecraft:carrot":160,"minecraft:diamond_sword":1,"minecraft:poppy":1,"minecraft:andesite":1,"minecraft:oak_sapling":2,"minecraft:spider_eye":1,"minecraft:sandstone":1,"minecraft:arrow":3,"minecraft:stone_pickaxe":1,"minecraft:wooden_pickaxe":2},"minecraft:broken":{"minecraft:iron_shovel":6,"minecraft:stone_hoe":3,"minecraft:stone_pickaxe":2,"minecraft:iron_axe":1,"minecraft:stone_axe":2,"minecraft:iron_pickaxe":9,"minecraft:iron_helmet":1,"minecraft:stone_shovel":7}},"DataVersion":3465}