{"stats":{"minecraft:picked_up":{"minecraft:iron_chestplate":4,"minecraft:crafting_table":2,"minecraft:wheat":101,"minecraft:diamond_sword":2,"minecraft:wooden_pickaxe":5,"minecraft:shield":1,"minecraft:string":3,"minecraft:raw_copper":16,"minecraft:cooked_salmon":8,"minecraft:wooden_sword":5,"minecraft:iron_leggings":4,"minecraft:birch_fence":3,"minecraft:glass_pane":1,"minecraft:cobbled_deepslate":1193,"minecraft:calcite":7,"minecraft:poppy":1,"minecraft:iron_pickaxe":5,"minecraft:melon_slice":59,"minecraft:sugar_cane":40,"minecraft:chest":7,"minecraft:birch_sapling":5,"minecraft:phantom_membrane":1,"minecraft:iron_boots":4,"minecraft:furnace":3,"minecraft:raw_iron":139,"minecraft:stick":133,"minecraft:sandstone":731,"minecraft:oak_door":15,"minecraft:copper_ingot":1,"minecraft:oak_fence":22,"minecraft:torch":356,"minecraft:porkchop":37,"minecraft:diorite":5,"minecraft:carrot":849,"minecraft:redstone":126,"minecraft:golden_chestplate":2,"minecraft:stone_sword":5,"minecraft:arrow":125,"minecraft:stone_shovel":1,"minecraft:rotten_flesh":92,"minecraft:cooked_cod":44,"minecraft:gold_ingot":5,"minecraft:cod":5,"minecraft:white_wool":6,"minecraft:cobblestone":349,"minecraft:birch_log":178,"minecraft:magma_block":3,"minecraft:andesite":15,"minecraft:water_bucket":3,"minecraft:salmon":6,"minecraft:golden_leggings":1,"minecraft:potato":978,"minecraft:birch_planks":58,"minecraft:flint":1,"minecraft:tuff":44,"minecraft:oak_log":502,"minecraft:cobbled_deepslate_stairs":13,"minecraft:lapis_lazuli":189,"minecraft:dirt":2250,"minecraft:paper":2,"minecraft:white_banner":2,"minecraft:name_tag":1,"minecraft:bone":135,"minecraft:apple":31,"minecraft:stone_bricks":30,"minecraft:bow":10,"minecraft:wheat_seeds":414,"minecraft:cobbled_deepslate_slab":2,"minecraft:raw_gold":47,"minecraft:bell":2,"minecraft:iron_ingot":14,"minecraft:oak_fence_gate":2,"minecraft:stone_pickaxe":1,"minecraft:oak_planks":428,"minecraft:iron_sword":4,"minecraft:stone_hoe":3,"minecraft:smooth_basalt":3,"minecraft:dandelion":5,"minecraft:poisonous_potato":2,"minecraft:gravel":3,"minecraft:birch_fence_gate":1,"minecraft:birch_stairs":2,"minecraft:sand":828,"minecraft:ink_sac":1,"minecraft:white_bed":2,"minecraft:spider_eye":4,"minecraft:deepslate":3,"minecraft:diamond":44,"minecraft:stone_axe":2,"minecraft:iron_helmet":3,"minecraft:granite":34,"minecraft:golden_apple":2,"minecraft:gray_wool":2,"minecraft:chainmail_helmet":1,"minecraft:bread":5,"minecraft:baked_potato":255,"minecraft:oak_sapling":154,"minecraft:melon_seeds":1,"minecraft:coal":565,"minecraft:diamond_pickaxe":2},"minecraft:custom":{"minecraft:interact_with_anvil":3,"minecraft:mob_kills":168,"minecraft:animals_bred":34,"minecraft:interact_with_crafting_table":135,"minecraft:bell_ring":54,"minecraft:leave_game":46,"minecraft:time_since_death":518963,"minecraft:climb_one_cm":1441,"minecraft:sprint_one_cm":2837110,"minecraft:damage_blocked_by_shield":1050,"minecraft:walk_one_cm":2740902,"minecraft:drop":79,"minecraft:play_time":935971,"minecraft:sneak_time":25645,"minecraft:deaths":5,"minecraft:walk_under_water_one_cm":102460,"minecraft:boat_one_cm":35588,"minecraft:jump":13346,"minecraft:walk_on_water_one_cm":228388,"minecraft:enchant_item":4,"minecraft:total_world_time":935971,"minecraft:interact_with_furnace":267,"minecraft:sleep_in_bed":20,"minecraft:time_since_rest":13521,"minecraft:damage_taken":10724,"minecraft:damage_dealt":29127,"minecraft:swim_one_cm":214678,"minecraft:fly_one_cm":3146474,"minecraft:open_chest":307,"minecraft:crouch_one_cm":102679,"minecraft:fall_one_cm":214795,"minecraft:horse_one_cm":124488},"minecraft:killed_by":{"minecraft:creeper":1,"minecraft:vindicator":1,"minecraft:skeleton":1,"minecraft:zombie":1},"minecraft:used":{"minecraft:oak_fence":137,"minecraft:iron_shovel":1781,"minecraft:stone_sword":32,"minecraft:stone_shovel":963,"minecraft:chest":40,"minecraft:shield":17,"minecraft:iron_sword":215,"minecraft:cooked_salmon":5,"minecraft:bell":2,"minecraft:rotten_flesh":6,"minecraft:stone_hoe":434,"minecraft:oak_door":20,"minecraft:torch":663,"minecraft:dirt":1484,"minecraft:carrot":421,"minecraft:oak_fence_gate":4,"minecraft:granite":4,"minecraft:iron_axe":934,"minecraft:oak_stairs":9,"minecraft:birch_sapling":5,"minecraft:melon_seeds":12,"minecraft:stone_bricks":64,"minecraft:smooth_basalt":3,"minecraft:oak_sapling":148,"minecraft:furnace":14,"minecraft:cooked_cod":1,"minecraft:potato":498,"minecraft:cobbled_deepslate":543,"minecraft:calcite":6,"minecraft:wheat_seeds":194,"minecraft:water_bucket":210,"minecraft:diorite":3,"minecraft:birch_planks":329,"minecraft:baked_potato":241,"minecraft:stone_pickaxe":286,"minecraft:oak_planks":1289,"minecraft:wooden_pickaxe":58,"minecraft:sandstone":696,"minecraft:sugar_cane":40,"minecraft:oak_slab":37,"minecraft:sand":432,"minecraft:crafting_table":6,"minecraft:white_bed":4,"minecraft:cobbled_deepslate_stairs":348,"minecraft:birch_fence":50,"minecraft:oak_log":11,"minecraft:diamond_pickaxe":1109,"minecraft:apple":1,"minecraft:birch_fence_gate":9,"minecraft:iron_pickaxe":2525,"minecraft:bread":3,"minecraft:gravel":1,"minecraft:cobbled_deepslate_slab":2,"minecraft:stone_axe":272,"minecraft:wooden_sword":12,"minecraft:diamond_sword":382,"minecraft:cobblestone":36,"minecraft:white_banner":2,"minecraft:cooked_porkchop":7,"minecraft:andesite":2,"minecraft:bucket":211,"minecraft:glass_pane":229,"minecraft:oak_boat":1,"minecraft:dandelion":1,"minecraft:bone_meal":6,"minecraft:birch_stairs":16},"minecraft:broken":{"minecraft:iron_shovel":7,"minecraft:stone_hoe":3,"minecraft:stone_pickaxe":2,"minecraft:iron_axe":3,"minecraft:stone_axe":2,"minecraft:iron_pickaxe":9,"minecraft:iron_helmet":1,"minecraft:stone_shovel":7},"minecraft:killed":{"minecraft:cave_spider":1,"minecraft:spider":8,"minecraft:phantom":1,"minecraft:skeleton":90,"minecraft:drowned":8,"minecraft:pig":17,"minecraft:salmon":3,"minecraft:creeper":1,"minecraft:pillager":2,"minecraft:zombie":33,"minecraft:enderman":1},"minecraft:dropped":{"minecraft:bread":2,"minecraft:iron_sword":1,"minecraft:cobbled_deepslate_stairs":1,"minecraft:lapis_lazuli":21,"minecraft:wheat_seeds":70,"minecraft:oak_log":19,"minecraft:baked_potato":67,"minecraft:cobblestone":1,"minecraft:flint":1,"minecraft:stick":1,"minecraft:cooked_cod":16,"minecraft:wooden_sword":2,"minecraft:iron_pickaxe":3,"minecraft:dandelion":3,"minecraft:bone":14,"minecraft:gravel":2,"minecraft:cobbled_deepslate":150,"minecraft:deepslate":2,"minecraft:tuff":15,"minecraft:wheat":2,"minecraft:stone_shovel":1,"minecraft:rotten_flesh":60,"minecraft:glass_pane":1,"minecraft:carrot":160,"minecraft:diamond_sword":1,"minecraft:poppy":1,"minecraft:diamond_pickaxe":1,"minecraft:andesite":1,"minecraft:oak_sapling":2,"minecraft:spider_eye":1,"minecraft:sandstone":1,"minecraft:arrow":3,"minecraft:stone_pickaxe":1,"minecraft:wooden_pickaxe":2},"minecraft:mined":{"minecraft:tuff":107,"minecraft:white_bed":2,"minecraft:oak_sapling":6,"minecraft:farmland":18,"minecraft:deepslate_diamond_ore":23,"minecraft:cobbled_deepslate_stairs":13,"minecraft:oak_door":6,"minecraft:sculk_vein":5,"minecraft:cobbled_deepslate_slab":2,"minecraft:birch_fence_gate":1,"minecraft:granite":25,"minecraft:grass_block":1909,"minecraft:spawner":2,"minecraft:sandstone":742,"minecraft:magma_block":3,"minecraft:carrots":228,"minecraft:furnace":3,"minecraft:iron_ore":70,"minecraft:cobbled_deepslate":241,"minecraft:andesite":13,"minecraft:deepslate_lapis_ore":15,"minecraft:bell":1,"minecraft:potatoes":291,"minecraft:dirt_path":1,"minecraft:deepslate_iron_ore":69,"minecraft:stone":287,"minecraft:white_banner":1,"minecraft:deepslate_redstone_ore":34,"minecraft:birch_stairs":1,"minecraft:glass_pane":42,"minecraft:dandelion":1,"minecraft:oak_fence":20,"minecraft:torch":129,"minecraft:crafting_table":2,"minecraft:calcite":7,"minecraft:melon":11,"minecraft:chest":7,"minecraft:copper_ore":5,"minecraft:tall_grass":53,"minecraft:cobblestone":8,"minecraft:deepslate_coal_ore":1,"minecraft:deepslate_gold_ore":47,"minecraft:lapis_ore":7,"minecraft:oak_planks":318,"minecraft:sugar_cane":34,"minecraft:sculk":40,"minecraft:wall_torch":71,"minecraft:diorite":5,"minecraft:amethyst_block":8,"minecraft:birch_planks":22,"minecraft:birch_log":178,"minecraft:wheat":103,"minecraft:birch_leaves":47,"minecraft:grass":417,"minecraft:coal_ore":449,"minecraft:oak_log":481,"minecraft:oak_fence_gate":2,"minecraft:gravel":8,"minecraft:dirt":209,"minecraft:sand":720,"minecraft:smooth_basalt":3,"minecraft:stone_bricks":38,"minecraft:oak_leaves":134,"minecraft:deepslate":1627,"minecraft:birch_fence":3},"minecraft:crafted":{"minecraft:wooden_sword":1,"minecraft:oak_door":9,"minecraft:cobbled_deepslate_slab":6,"minecraft:oak_planks":1636,"minecraft:stone_shovel":7,"minecraft:iron_nugget":3,"minecraft:furnace":11,"minecraft:stone":109,"minecraft:bone_meal":6,"minecraft:glass_pane":320,"minecraft:glass":128,"minecraft:iron_boots":1,"minecraft:iron_axe":4,"minecraft:melon_seeds":2,"minecraft:birch_fence_gate":8,"minecraft:stone_pickaxe":4,"minecraft:chest":33,"minecraft:cobbled_deepslate_stairs":336,"minecraft:stone_hoe":5,"minecraft:stone_bricks":104,"minecraft:oak_fence":120,"minecraft:cooked_cod":5,"minecraft:oak_slab":72,"minecraft:deepslate":1,"minecraft:diamond_sword":1,"minecraft:cooked_porkchop":32,"minecraft:crafting_table":4,"minecraft:iron_helmet":2,"minecraft:wooden_pickaxe":1,"minecraft:baked_potato":502,"minecraft:iron_sword":1,"minecraft:cooked_salmon":3,"minecraft:copper_ingot":8,"minecraft:bucket":1,"minecraft:oak_wood":3,"minecraft:birch_planks":596,"minecraft:stone_axe":2,"minecraft:bread":34,"minecraft:air":0,"minecraft:oak_fence_gate":4,"minecraft:oak_boat":1,"minecraft:iron_chestplate":1,"minecraft:diamond_pickaxe":2,"minecraft:gold_nugget":1,"minecraft:shield":1,"minecraft:birch_fence":75,"minecraft:stick":369,"minecraft:iron_ingot":137,"minecraft:iron_pickaxe":10,"minecraft:oak_stairs":40,"minecraft:stone_sword":1,"minecraft:iron_shovel":7,"minecraft:gold_ingot":47,"minecraft:iron_leggings":1,"minecraft:white_bed":2,"minecraft:torch":426,"minecraft:birch_stairs":16,"minecraft:shears":1}},"DataVersion":3465}