{"stats":{"minecraft:picked_up":{"minecraft:crafting_table":1,"minecraft:iron_chestplate":4,"minecraft:wheat":101,"minecraft:diamond_sword":1,"minecraft:wooden_pickaxe":5,"minecraft:shield":1,"minecraft:string":2,"minecraft:raw_copper":16,"minecraft:cooked_salmon":8,"minecraft:wooden_sword":5,"minecraft:iron_leggings":4,"minecraft:birch_fence":1,"minecraft:cobbled_deepslate":614,"minecraft:calcite":7,"minecraft:poppy":1,"minecraft:iron_pickaxe":2,"minecraft:melon_slice":10,"minecraft:sugar_cane":40,"minecraft:birch_sapling":1,"minecraft:iron_boots":4,"minecraft:stick":62,"minecraft:raw_iron":107,"minecraft:sandstone":2,"minecraft:copper_ingot":1,"minecraft:oak_fence":1,"minecraft:torch":270,"minecraft:porkchop":17,"minecraft:diorite":3,"minecraft:carrot":724,"minecraft:redstone":126,"minecraft:golden_chestplate":1,"minecraft:stone_sword":5,"minecraft:stone_shovel":1,"minecraft:arrow":21,"minecraft:rotten_flesh":51,"minecraft:cooked_cod":44,"minecraft:gold_ingot":5,"minecraft:cod":5,"minecraft:white_wool":6,"minecraft:cobblestone":269,"minecraft:birch_log":85,"minecraft:magma_block":3,"minecraft:andesite":12,"minecraft:water_bucket":3,"minecraft:salmon":6,"minecraft:golden_leggings":1,"minecraft:potato":978,"minecraft:birch_planks":36,"minecraft:flint":1,"minecraft:tuff":42,"minecraft:oak_log":156,"minecraft:paper":2,"minecraft:lapis_lazuli":78,"minecraft:dirt":1594,"minecraft:white_banner":1,"minecraft:name_tag":1,"minecraft:bone":20,"minecraft:apple":10,"minecraft:bow":5,"minecraft:wheat_seeds":411,"minecraft:raw_gold":24,"minecraft:bell":1,"minecraft:iron_ingot":14,"minecraft:stone_pickaxe":1,"minecraft:stone_hoe":3,"minecraft:iron_sword":4,"minecraft:oak_planks":104,"minecraft:smooth_basalt":3,"minecraft:dandelion":1,"minecraft:poisonous_potato":2,"minecraft:gravel":3,"minecraft:birch_fence_gate":1,"minecraft:sand":611,"minecraft:ink_sac":1,"minecraft:spider_eye":3,"minecraft:diamond":26,"minecraft:stone_axe":2,"minecraft:iron_helmet":3,"minecraft:granite":32,"minecraft:gray_wool":2,"minecraft:bread":5,"minecraft:baked_potato":253,"minecraft:oak_sapling":32,"minecraft:melon_seeds":1,"minecraft:coal":525,"minecraft:diamond_pickaxe":1},"minecraft:custom":{"minecraft:interact_with_anvil":3,"minecraft:mob_kills":60,"minecraft:animals_bred":8,"minecraft:interact_with_crafting_table":85,"minecraft:bell_ring":48,"minecraft:leave_game":26,"minecraft:time_since_death":95493,"minecraft:climb_one_cm":1441,"minecraft:sprint_one_cm":1541657,"minecraft:walk_one_cm":1425373,"minecraft:damage_blocked_by_shield":420,"minecraft:drop":44,"minecraft:play_time":512501,"minecraft:sneak_time":3793,"minecraft:deaths":5,"minecraft:walk_under_water_one_cm":68161,"minecraft:boat_one_cm":3138,"minecraft:jump":8662,"minecraft:walk_on_water_one_cm":145221,"minecraft:enchant_item":2,"minecraft:total_world_time":512501,"minecraft:interact_with_furnace":162,"minecraft:sleep_in_bed":8,"minecraft:time_since_rest":95571,"minecraft:damage_taken":7040,"minecraft:damage_dealt":10999,"minecraft:swim_one_cm":78483,"minecraft:fly_one_cm":2053278,"minecraft:open_chest":129,"minecraft:crouch_one_cm":8101,"minecraft:fall_one_cm":147600,"minecraft:horse_one_cm":111865},"minecraft:killed_by":{"minecraft:creeper":1,"minecraft:vindicator":1,"minecraft:skeleton":1,"minecraft:zombie":1},"minecraft:used":{"minecraft:oak_fence":120,"minecraft:stone_sword":32,"minecraft:iron_shovel":1031,"minecraft:stone_shovel":963,"minecraft:chest":4,"minecraft:shield":7,"minecraft:iron_sword":215,"minecraft:cooked_salmon":5,"minecraft:bell":1,"minecraft:rotten_flesh":6,"minecraft:stone_hoe":427,"minecraft:torch":526,"minecraft:dirt":1313,"minecraft:carrot":387,"minecraft:granite":4,"minecraft:oak_fence_gate":2,"minecraft:birch_sapling":1,"minecraft:melon_seeds":4,"minecraft:smooth_basalt":3,"minecraft:oak_sapling":30,"minecraft:furnace":3,"minecraft:cooked_cod":1,"minecraft:potato":498,"minecraft:cobbled_deepslate":146,"minecraft:calcite":6,"minecraft:wheat_seeds":193,"minecraft:water_bucket":173,"minecraft:diorite":3,"minecraft:stone_pickaxe":286,"minecraft:baked_potato":117,"minecraft:wooden_pickaxe":58,"minecraft:sandstone":2,"minecraft:sugar_cane":40,"minecraft:sand":367,"minecraft:crafting_table":2,"minecraft:white_bed":1,"minecraft:birch_fence":1,"minecraft:diamond_pickaxe":399,"minecraft:apple":1,"minecraft:birch_fence_gate":9,"minecraft:iron_pickaxe":1638,"minecraft:bread":3,"minecraft:gravel":1,"minecraft:stone_axe":272,"minecraft:diamond_sword":60,"minecraft:wooden_sword":12,"minecraft:cobblestone":28,"minecraft:white_banner":1,"minecraft:cooked_porkchop":7,"minecraft:andesite":2,"minecraft:bucket":174,"minecraft:oak_boat":1,"minecraft:dandelion":1,"minecraft:bone_meal":6},"minecraft:broken":{"minecraft:iron_shovel":4,"minecraft:stone_hoe":3,"minecraft:stone_pickaxe":2,"minecraft:stone_axe":2,"minecraft:iron_pickaxe":5,"minecraft:stone_shovel":7},"minecraft:killed":{"minecraft:cave_spider":1,"minecraft:spider":4,"minecraft:skeleton":20,"minecraft:drowned":1,"minecraft:pig":6,"minecraft:salmon":3,"minecraft:creeper":1,"minecraft:pillager":2,"minecraft:zombie":20},"minecraft:dropped":{"minecraft:bread":2,"minecraft:iron_sword":1,"minecraft:wheat_seeds":69,"minecraft:baked_potato":65,"minecraft:cobblestone":1,"minecraft:stick":1,"minecraft:flint":1,"minecraft:cooked_cod":16,"minecraft:wooden_sword":2,"minecraft:bone":1,"minecraft:gravel":2,"minecraft:cobbled_deepslate":85,"minecraft:tuff":15,"minecraft:wheat":2,"minecraft:stone_shovel":1,"minecraft:rotten_flesh":24,"minecraft:carrot":160,"minecraft:poppy":1,"minecraft:spider_eye":1,"minecraft:arrow":1,"minecraft:stone_pickaxe":1,"minecraft:wooden_pickaxe":2},"minecraft:mined":{"minecraft:tuff":105,"minecraft:oak_sapling":4,"minecraft:farmland":18,"minecraft:deepslate_diamond_ore":21,"minecraft:sculk_vein":5,"minecraft:birch_fence_gate":1,"minecraft:granite":23,"minecraft:grass_block":1272,"minecraft:sandstone":2,"minecraft:spawner":2,"minecraft:magma_block":3,"minecraft:carrots":194,"minecraft:iron_ore":41,"minecraft:cobbled_deepslate":5,"minecraft:andesite":12,"minecraft:deepslate_lapis_ore":7,"minecraft:bell":1,"minecraft:potatoes":291,"minecraft:dirt_path":1,"minecraft:deepslate_iron_ore":66,"minecraft:stone":213,"minecraft:white_banner":1,"minecraft:deepslate_redstone_ore":34,"minecraft:oak_fence":1,"minecraft:crafting_table":1,"minecraft:torch":75,"minecraft:calcite":7,"minecraft:melon":1,"minecraft:copper_ore":4,"minecraft:tall_grass":49,"minecraft:cobblestone":7,"minecraft:deepslate_coal_ore":1,"minecraft:deepslate_gold_ore":24,"minecraft:lapis_ore":2,"minecraft:sugar_cane":34,"minecraft:sculk":40,"minecraft:wall_torch":62,"minecraft:diorite":3,"minecraft:amethyst_block":8,"minecraft:birch_log":85,"minecraft:wheat":103,"minecraft:birch_leaves":13,"minecraft:grass":404,"minecraft:oak_log":135,"minecraft:coal_ore":409,"minecraft:gravel":8,"minecraft:dirt":188,"minecraft:sand":574,"minecraft:smooth_basalt":3,"minecraft:oak_leaves":48,"minecraft:deepslate":1279,"minecraft:birch_fence":1},"minecraft:crafted":{"minecraft:wooden_sword":1,"minecraft:oak_planks":444,"minecraft:stone_shovel":7,"minecraft:iron_nugget":3,"minecraft:furnace":3,"minecraft:bone_meal":6,"minecraft:iron_boots":1,"minecraft:birch_fence_gate":8,"minecraft:stone_pickaxe":4,"minecraft:chest":4,"minecraft:stone_hoe":4,"minecraft:oak_fence":120,"minecraft:cooked_cod":5,"minecraft:diamond_sword":1,"minecraft:cooked_porkchop":12,"minecraft:crafting_table":2,"minecraft:iron_helmet":1,"minecraft:wooden_pickaxe":1,"minecraft:baked_potato":411,"minecraft:iron_sword":1,"minecraft:cooked_salmon":3,"minecraft:copper_ingot":8,"minecraft:bucket":1,"minecraft:oak_wood":3,"minecraft:birch_planks":340,"minecraft:stone_axe":2,"minecraft:bread":34,"minecraft:air":0,"minecraft:oak_fence_gate":4,"minecraft:oak_boat":1,"minecraft:iron_chestplate":1,"minecraft:diamond_pickaxe":1,"minecraft:gold_nugget":1,"minecraft:shield":1,"minecraft:birch_fence":75,"minecraft:stick":357,"minecraft:iron_ingot":57,"minecraft:iron_pickaxe":7,"minecraft:stone_sword":1,"minecraft:iron_shovel":4,"minecraft:iron_leggings":1,"minecraft:gold_ingot":21,"minecraft:white_bed":1,"minecraft:torch":426,"minecraft:shears":1}},"DataVersion":3465}