{"stats":{"minecraft:picked_up":{"minecraft:iron_chestplate":3,"minecraft:wheat":97,"minecraft:wooden_pickaxe":5,"minecraft:raw_copper":8,"minecraft:cooked_salmon":8,"minecraft:wooden_sword":5,"minecraft:iron_leggings":3,"minecraft:birch_fence":1,"minecraft:cobbled_deepslate":164,"minecraft:poppy":1,"minecraft:iron_pickaxe":2,"minecraft:sugar_cane":40,"minecraft:birch_sapling":1,"minecraft:iron_boots":3,"minecraft:stick":27,"minecraft:raw_iron":54,"minecraft:sandstone":2,"minecraft:oak_fence":1,"minecraft:copper_ingot":1,"minecraft:torch":188,"minecraft:porkchop":7,"minecraft:diorite":3,"minecraft:carrot":713,"minecraft:redstone":15,"minecraft:golden_chestplate":1,"minecraft:stone_sword":4,"minecraft:rotten_flesh":25,"minecraft:arrow":16,"minecraft:stone_shovel":1,"minecraft:cooked_cod":44,"minecraft:cod":5,"minecraft:white_wool":6,"minecraft:cobblestone":208,"minecraft:birch_log":85,"minecraft:magma_block":3,"minecraft:andesite":8,"minecraft:water_bucket":2,"minecraft:salmon":6,"minecraft:potato":978,"minecraft:birch_planks":14,"minecraft:flint":1,"minecraft:tuff":16,"minecraft:oak_log":134,"minecraft:lapis_lazuli":47,"minecraft:dirt":1567,"minecraft:white_banner":1,"minecraft:name_tag":1,"minecraft:bone":15,"minecraft:apple":6,"minecraft:bow":4,"minecraft:wheat_seeds":335,"minecraft:raw_gold":5,"minecraft:bell":1,"minecraft:stone_pickaxe":1,"minecraft:stone_hoe":2,"minecraft:iron_sword":3,"minecraft:oak_planks":98,"minecraft:dandelion":1,"minecraft:poisonous_potato":2,"minecraft:gravel":3,"minecraft:birch_fence_gate":1,"minecraft:sand":449,"minecraft:ink_sac":1,"minecraft:spider_eye":1,"minecraft:diamond":10,"minecraft:stone_axe":2,"minecraft:iron_helmet":2,"minecraft:granite":27,"minecraft:gray_wool":2,"minecraft:bread":5,"minecraft:baked_potato":118,"minecraft:oak_sapling":32,"minecraft:coal":299},"minecraft:custom":{"minecraft:interact_with_anvil":3,"minecraft:mob_kills":39,"minecraft:interact_with_crafting_table":80,"minecraft:bell_ring":48,"minecraft:leave_game":14,"minecraft:time_since_death":137458,"minecraft:climb_one_cm":1441,"minecraft:sprint_one_cm":1294078,"minecraft:walk_one_cm":1102663,"minecraft:drop":29,"minecraft:play_time":382120,"minecraft:sneak_time":2230,"minecraft:deaths":4,"minecraft:walk_under_water_one_cm":47967,"minecraft:boat_one_cm":3138,"minecraft:jump":6530,"minecraft:walk_on_water_one_cm":105103,"minecraft:total_world_time":382120,"minecraft:interact_with_furnace":140,"minecraft:sleep_in_bed":7,"minecraft:time_since_rest":8432,"minecraft:damage_taken":4726,"minecraft:damage_dealt":7125,"minecraft:swim_one_cm":62071,"minecraft:fly_one_cm":1647619,"minecraft:open_chest":95,"minecraft:crouch_one_cm":3627,"minecraft:fall_one_cm":110191,"minecraft:horse_one_cm":111865},"minecraft:killed_by":{"minecraft:creeper":1,"minecraft:vindicator":1,"minecraft:skeleton":1},"minecraft:used":{"minecraft:oak_fence":103,"minecraft:stone_sword":32,"minecraft:iron_shovel":873,"minecraft:stone_shovel":963,"minecraft:chest":4,"minecraft:iron_sword":215,"minecraft:cooked_salmon":5,"minecraft:bell":1,"minecraft:rotten_flesh":6,"minecraft:stone_hoe":427,"minecraft:torch":341,"minecraft:dirt":1215,"minecraft:carrot":386,"minecraft:granite":4,"minecraft:oak_fence_gate":2,"minecraft:birch_sapling":1,"minecraft:melon_seeds":3,"minecraft:oak_sapling":30,"minecraft:furnace":3,"minecraft:cooked_cod":1,"minecraft:potato":498,"minecraft:wheat_seeds":191,"minecraft:water_bucket":112,"minecraft:diorite":3,"minecraft:stone_pickaxe":286,"minecraft:baked_potato":65,"minecraft:wooden_pickaxe":58,"minecraft:sandstone":2,"minecraft:sugar_cane":40,"minecraft:sand":365,"minecraft:crafting_table":1,"minecraft:white_bed":1,"minecraft:birch_fence":1,"minecraft:apple":1,"minecraft:birch_fence_gate":9,"minecraft:iron_pickaxe":747,"minecraft:bread":3,"minecraft:gravel":1,"minecraft:stone_axe":272,"minecraft:wooden_sword":12,"minecraft:cobblestone":22,"minecraft:white_banner":1,"minecraft:cooked_porkchop":7,"minecraft:andesite":2,"minecraft:bucket":113,"minecraft:oak_boat":1,"minecraft:dandelion":1,"minecraft:bone_meal":6},"minecraft:broken":{"minecraft:iron_shovel":3,"minecraft:stone_hoe":3,"minecraft:stone_pickaxe":2,"minecraft:stone_axe":2,"minecraft:iron_pickaxe":2,"minecraft:stone_shovel":7},"minecraft:killed":{"minecraft:cave_spider":1,"minecraft:spider":2,"minecraft:skeleton":12,"minecraft:drowned":1,"minecraft:pig":4,"minecraft:salmon":3,"minecraft:creeper":1,"minecraft:pillager":2,"minecraft:zombie":12},"minecraft:dropped":{"minecraft:bread":2,"minecraft:iron_sword":1,"minecraft:baked_potato":1,"minecraft:cobblestone":1,"minecraft:flint":1,"minecraft:stick":1,"minecraft:cooked_cod":16,"minecraft:wooden_sword":2,"minecraft:gravel":2,"minecraft:cobbled_deepslate":17,"minecraft:tuff":15,"minecraft:stone_shovel":1,"minecraft:rotten_flesh":6,"minecraft:carrot":149,"minecraft:poppy":1,"minecraft:wooden_pickaxe":2,"minecraft:stone_pickaxe":1},"minecraft:mined":{"minecraft:tuff":59,"minecraft:oak_sapling":4,"minecraft:farmland":16,"minecraft:deepslate_diamond_ore":10,"minecraft:birch_fence_gate":1,"minecraft:granite":18,"minecraft:grass_block":1271,"minecraft:sandstone":2,"minecraft:spawner":1,"minecraft:magma_block":3,"minecraft:carrots":194,"minecraft:iron_ore":20,"minecraft:andesite":8,"minecraft:deepslate_lapis_ore":6,"minecraft:bell":1,"minecraft:potatoes":291,"minecraft:deepslate_iron_ore":34,"minecraft:white_banner":1,"minecraft:stone":152,"minecraft:deepslate_redstone_ore":3,"minecraft:oak_fence":1,"minecraft:torch":59,"minecraft:tall_grass":49,"minecraft:copper_ore":1,"minecraft:cobblestone":7,"minecraft:lapis_ore":2,"minecraft:deepslate_gold_ore":5,"minecraft:sugar_cane":34,"minecraft:diorite":3,"minecraft:wall_torch":35,"minecraft:birch_log":85,"minecraft:wheat":101,"minecraft:birch_leaves":13,"minecraft:grass":402,"minecraft:oak_log":135,"minecraft:coal_ore":231,"minecraft:gravel":6,"minecraft:sand":421,"minecraft:dirt":186,"minecraft:oak_leaves":48,"minecraft:birch_fence":1,"minecraft:deepslate":486},"minecraft:crafted":{"minecraft:wooden_sword":1,"minecraft:oak_planks":444,"minecraft:stone_shovel":7,"minecraft:iron_nugget":3,"minecraft:furnace":3,"minecraft:bone_meal":6,"minecraft:iron_boots":1,"minecraft:birch_fence_gate":8,"minecraft:stone_pickaxe":4,"minecraft:chest":4,"minecraft:stone_hoe":4,"minecraft:oak_fence":114,"minecraft:cooked_cod":5,"minecraft:diamond_sword":1,"minecraft:cooked_porkchop":7,"minecraft:crafting_table":1,"minecraft:iron_helmet":1,"minecraft:wooden_pickaxe":1,"minecraft:baked_potato":411,"minecraft:iron_sword":1,"minecraft:cooked_salmon":3,"minecraft:copper_ingot":4,"minecraft:birch_planks":340,"minecraft:bucket":1,"minecraft:oak_wood":3,"minecraft:stone_axe":2,"minecraft:bread":34,"minecraft:air":0,"minecraft:oak_fence_gate":4,"minecraft:oak_boat":1,"minecraft:iron_chestplate":1,"minecraft:diamond_pickaxe":1,"minecraft:gold_nugget":1,"minecraft:birch_fence":75,"minecraft:stick":357,"minecraft:iron_ingot":52,"minecraft:iron_pickaxe":3,"minecraft:stone_sword":1,"minecraft:iron_shovel":4,"minecraft:iron_leggings":1,"minecraft:gold_ingot":5,"minecraft:white_bed":1,"minecraft:torch":318,"minecraft:shears":1}},"DataVersion":3465}