{"stats":{"minecraft:dropped":{"minecraft:bread":2,"minecraft:iron_sword":1,"minecraft:baked_potato":1,"minecraft:cobblestone":1,"minecraft:flint":1,"minecraft:stick":1,"minecraft:cooked_cod":16,"minecraft:wooden_sword":2,"minecraft:gravel":2,"minecraft:cobbled_deepslate":17,"minecraft:tuff":15,"minecraft:stone_shovel":1,"minecraft:rotten_flesh":6,"minecraft:carrot":149,"minecraft:poppy":1,"minecraft:wooden_pickaxe":2,"minecraft:stone_pickaxe":1},"minecraft:broken":{"minecraft:iron_shovel":4,"minecraft:stone_hoe":3,"minecraft:stone_pickaxe":2,"minecraft:stone_axe":2,"minecraft:iron_pickaxe":2,"minecraft:stone_shovel":7},"minecraft:custom":{"minecraft:interact_with_anvil":3,"minecraft:mob_kills":46,"minecraft:animals_bred":4,"minecraft:interact_with_crafting_table":82,"minecraft:bell_ring":48,"minecraft:leave_game":17,"minecraft:time_since_death":172074,"minecraft:climb_one_cm":1441,"minecraft:sprint_one_cm":1410223,"minecraft:walk_one_cm":1196091,"minecraft:damage_blocked_by_shield":195,"minecraft:drop":29,"minecraft:play_time":416736,"minecraft:sneak_time":2242,"minecraft:deaths":4,"minecraft:walk_under_water_one_cm":53751,"minecraft:boat_one_cm":3138,"minecraft:jump":7572,"minecraft:walk_on_water_one_cm":109862,"minecraft:enchant_item":2,"minecraft:total_world_time":416736,"minecraft:interact_with_furnace":143,"minecraft:sleep_in_bed":8,"minecraft:time_since_rest":12242,"minecraft:damage_taken":5372,"minecraft:damage_dealt":8262,"minecraft:swim_one_cm":72604,"minecraft:fly_one_cm":1931594,"minecraft:open_chest":102,"minecraft:crouch_one_cm":3627,"minecraft:fall_one_cm":126574,"minecraft:horse_one_cm":111865},"minecraft:picked_up":{"minecraft:iron_chestplate":3,"minecraft:wheat":98,"minecraft:wooden_pickaxe":5,"minecraft:string":1,"minecraft:raw_copper":12,"minecraft:cooked_salmon":8,"minecraft:wooden_sword":5,"minecraft:iron_leggings":3,"minecraft:birch_fence":1,"minecraft:cobbled_deepslate":177,"minecraft:poppy":1,"minecraft:iron_pickaxe":2,"minecraft:melon_slice":5,"minecraft:sugar_cane":40,"minecraft:birch_sapling":1,"minecraft:iron_boots":3,"minecraft:stick":27,"minecraft:raw_iron":54,"minecraft:sandstone":2,"minecraft:copper_ingot":1,"minecraft:oak_fence":1,"minecraft:torch":206,"minecraft:porkchop":12,"minecraft:diorite":3,"minecraft:carrot":713,"minecraft:redstone":15,"minecraft:golden_chestplate":1,"minecraft:rotten_flesh":30,"minecraft:stone_sword":4,"minecraft:arrow":18,"minecraft:stone_shovel":1,"minecraft:cooked_cod":44,"minecraft:cod":5,"minecraft:white_wool":6,"minecraft:cobblestone":213,"minecraft:birch_log":85,"minecraft:magma_block":3,"minecraft:andesite":8,"minecraft:water_bucket":2,"minecraft:salmon":6,"minecraft:potato":978,"minecraft:birch_planks":14,"minecraft:flint":1,"minecraft:tuff":20,"minecraft:oak_log":134,"minecraft:paper":1,"minecraft:lapis_lazuli":47,"minecraft:dirt":1573,"minecraft:white_banner":1,"minecraft:name_tag":1,"minecraft:bone":15,"minecraft:apple":6,"minecraft:bow":4,"minecraft:wheat_seeds":338,"minecraft:iron_ingot":1,"minecraft:raw_gold":5,"minecraft:bell":1,"minecraft:stone_pickaxe":1,"minecraft:stone_hoe":2,"minecraft:iron_sword":3,"minecraft:oak_planks":98,"minecraft:dandelion":1,"minecraft:poisonous_potato":2,"minecraft:gravel":3,"minecraft:birch_fence_gate":1,"minecraft:sand":611,"minecraft:ink_sac":1,"minecraft:spider_eye":2,"minecraft:diamond":10,"minecraft:stone_axe":2,"minecraft:iron_helmet":2,"minecraft:granite":27,"minecraft:gray_wool":2,"minecraft:bread":5,"minecraft:baked_potato":118,"minecraft:oak_sapling":32,"minecraft:melon_seeds":1,"minecraft:coal":351},"minecraft:killed_by":{"minecraft:creeper":1,"minecraft:vindicator":1,"minecraft:skeleton":1},"minecraft:killed":{"minecraft:cave_spider":1,"minecraft:spider":3,"minecraft:skeleton":14,"minecraft:drowned":1,"minecraft:pig":6,"minecraft:salmon":3,"minecraft:creeper":1,"minecraft:pillager":2,"minecraft:zombie":14},"minecraft:crafted":{"minecraft:wooden_sword":1,"minecraft:oak_planks":444,"minecraft:stone_shovel":7,"minecraft:iron_nugget":3,"minecraft:furnace":3,"minecraft:bone_meal":6,"minecraft:iron_boots":1,"minecraft:birch_fence_gate":8,"minecraft:stone_pickaxe":4,"minecraft:chest":4,"minecraft:stone_hoe":4,"minecraft:oak_fence":120,"minecraft:cooked_cod":5,"minecraft:diamond_sword":1,"minecraft:cooked_porkchop":7,"minecraft:crafting_table":1,"minecraft:iron_helmet":1,"minecraft:wooden_pickaxe":1,"minecraft:baked_potato":411,"minecraft:iron_sword":1,"minecraft:cooked_salmon":3,"minecraft:copper_ingot":4,"minecraft:birch_planks":340,"minecraft:bucket":1,"minecraft:oak_wood":3,"minecraft:stone_axe":2,"minecraft:bread":34,"minecraft:air":0,"minecraft:oak_fence_gate":4,"minecraft:oak_boat":1,"minecraft:iron_chestplate":1,"minecraft:diamond_pickaxe":1,"minecraft:gold_nugget":1,"minecraft:shield":1,"minecraft:birch_fence":75,"minecraft:stick":357,"minecraft:iron_ingot":52,"minecraft:iron_pickaxe":3,"minecraft:stone_sword":1,"minecraft:iron_shovel":4,"minecraft:iron_leggings":1,"minecraft:gold_ingot":5,"minecraft:white_bed":1,"minecraft:torch":318,"minecraft:shears":1},"minecraft:mined":{"minecraft:tuff":59,"minecraft:oak_sapling":4,"minecraft:farmland":18,"minecraft:deepslate_diamond_ore":10,"minecraft:birch_fence_gate":1,"minecraft:granite":18,"minecraft:grass_block":1272,"minecraft:sandstone":2,"minecraft:spawner":1,"minecraft:magma_block":3,"minecraft:carrots":194,"minecraft:iron_ore":20,"minecraft:andesite":8,"minecraft:deepslate_lapis_ore":6,"minecraft:bell":1,"minecraft:potatoes":291,"minecraft:deepslate_iron_ore":34,"minecraft:dirt_path":1,"minecraft:stone":157,"minecraft:white_banner":1,"minecraft:deepslate_redstone_ore":3,"minecraft:oak_fence":1,"minecraft:torch":67,"minecraft:melon":1,"minecraft:tall_grass":49,"minecraft:copper_ore":2,"minecraft:cobblestone":7,"minecraft:deepslate_coal_ore":1,"minecraft:lapis_ore":2,"minecraft:deepslate_gold_ore":5,"minecraft:sugar_cane":34,"minecraft:wall_torch":44,"minecraft:diorite":3,"minecraft:birch_log":85,"minecraft:wheat":102,"minecraft:birch_leaves":13,"minecraft:grass":403,"minecraft:oak_log":135,"minecraft:coal_ore":281,"minecraft:sand":574,"minecraft:gravel":6,"minecraft:dirt":188,"minecraft:oak_leaves":48,"minecraft:birch_fence":1,"minecraft:deepslate":499},"minecraft:used":{"minecraft:oak_fence":120,"minecraft:stone_sword":32,"minecraft:iron_shovel":1031,"minecraft:stone_shovel":963,"minecraft:shield":3,"minecraft:chest":4,"minecraft:iron_sword":215,"minecraft:cooked_salmon":5,"minecraft:bell":1,"minecraft:rotten_flesh":6,"minecraft:stone_hoe":427,"minecraft:torch":378,"minecraft:dirt":1311,"minecraft:carrot":387,"minecraft:granite":4,"minecraft:oak_fence_gate":2,"minecraft:birch_sapling":1,"minecraft:melon_seeds":4,"minecraft:oak_sapling":30,"minecraft:furnace":3,"minecraft:cooked_cod":1,"minecraft:potato":498,"minecraft:wheat_seeds":192,"minecraft:water_bucket":114,"minecraft:diorite":3,"minecraft:stone_pickaxe":286,"minecraft:baked_potato":84,"minecraft:wooden_pickaxe":58,"minecraft:sandstone":2,"minecraft:sugar_cane":40,"minecraft:sand":367,"minecraft:crafting_table":1,"minecraft:white_bed":1,"minecraft:birch_fence":1,"minecraft:diamond_pickaxe":70,"minecraft:apple":1,"minecraft:birch_fence_gate":9,"minecraft:iron_pickaxe":747,"minecraft:bread":3,"minecraft:gravel":1,"minecraft:stone_axe":272,"minecraft:diamond_sword":19,"minecraft:wooden_sword":12,"minecraft:cobblestone":27,"minecraft:white_banner":1,"minecraft:cooked_porkchop":7,"minecraft:andesite":2,"minecraft:bucket":115,"minecraft:oak_boat":1,"minecraft:dandelion":1,"minecraft:bone_meal":6}},"DataVersion":3465}