{"stats":{"minecraft:picked_up":{"minecraft:iron_chestplate":3,"minecraft:wheat":24,"minecraft:chainmail_boots":1,"minecraft:smithing_table":1,"minecraft:brewing_stand":3,"minecraft:string":38,"minecraft:raw_copper":6,"minecraft:iron_leggings":4,"minecraft:oak_sign":1,"minecraft:cobbled_deepslate":393,"minecraft:iron_pickaxe":2,"minecraft:furnace":11,"minecraft:iron_boots":3,"minecraft:golden_helmet":3,"minecraft:stick":19,"minecraft:torch":19,"minecraft:spruce_stairs":2,"minecraft:porkchop":192,"minecraft:diorite":7,"minecraft:golden_chestplate":2,"minecraft:rotten_flesh":193,"minecraft:tropical_fish":8,"minecraft:carved_pumpkin":16,"minecraft:obsidian":14,"minecraft:snowball":19,"minecraft:cobblestone":486,"minecraft:enchanting_table":2,"minecraft:birch_log":166,"minecraft:leather_chestplate":2,"minecraft:cooked_beef":7,"minecraft:water_bucket":3,"minecraft:andesite":9,"minecraft:potato":87,"minecraft:flint":15,"minecraft:tuff":29,"minecraft:lapis_lazuli":179,"minecraft:dirt":704,"minecraft:name_tag":1,"minecraft:leather_boots":2,"minecraft:bone":381,"minecraft:bow":33,"minecraft:wheat_seeds":105,"minecraft:raw_gold":157,"minecraft:grindstone":1,"minecraft:moss_block":1,"minecraft:oak_planks":115,"minecraft:cooked_porkchop":37,"minecraft:sand":149,"minecraft:mossy_cobblestone":4,"minecraft:diamond":50,"minecraft:granite":16,"minecraft:bone_meal":1,"minecraft:emerald":1,"minecraft:bread":17,"minecraft:oak_sapling":8,"minecraft:diamond_pickaxe":2,"minecraft:charcoal":2,"minecraft:crafting_table":25,"minecraft:leather_leggings":3,"minecraft:wooden_pickaxe":1,"minecraft:diamond_horse_armor":1,"minecraft:shield":4,"minecraft:moss_carpet":2,"minecraft:iron_axe":2,"minecraft:iron_shovel":1,"minecraft:beef":205,"minecraft:oak_boat":10,"minecraft:iron_nugget":32,"minecraft:light_gray_wool":6,"minecraft:chest":1,"minecraft:sugar_cane":119,"minecraft:birch_sapling":1,"minecraft:raw_iron":169,"minecraft:sandstone":56,"minecraft:carrot":7,"minecraft:dark_oak_planks":1,"minecraft:arrow":388,"minecraft:cooked_cod":6,"minecraft:peony":1,"minecraft:shears":2,"minecraft:glow_berries":1,"minecraft:mutton":133,"minecraft:white_wool":58,"minecraft:leather":109,"minecraft:filled_map":1,"minecraft:birch_planks":8,"minecraft:oak_log":194,"minecraft:yellow_bed":11,"minecraft:golden_boots":6,"minecraft:gunpowder":15,"minecraft:cooked_mutton":4,"minecraft:kelp":1,"minecraft:iron_ingot":29,"minecraft:stone_pickaxe":1,"minecraft:iron_sword":3,"minecraft:book":16,"minecraft:smooth_basalt":10,"minecraft:pumpkin":9,"minecraft:gravel":109,"minecraft:lava_bucket":3,"minecraft:blast_furnace":6,"minecraft:white_bed":9,"minecraft:spruce_log":79,"minecraft:spider_eye":6,"minecraft:leather_helmet":1,"minecraft:pumpkin_seeds":36,"minecraft:slime_ball":23,"minecraft:chainmail_leggings":2,"minecraft:iron_helmet":3,"minecraft:diamond_axe":1,"minecraft:baked_potato":172,"minecraft:black_wool":1,"minecraft:coal":206},"minecraft:killed_by":{"minecraft:creeper":2,"minecraft:zombie":2,"minecraft:skeleton":2},"minecraft:mined":{"minecraft:dark_oak_planks":1,"minecraft:white_bed":8,"minecraft:sculk_vein":7,"minecraft:brewing_stand":1,"minecraft:carved_pumpkin":14,"minecraft:obsidian":9,"minecraft:cave_vines_plant":1,"minecraft:granite":16,"minecraft:grass_block":316,"minecraft:spawner":3,"minecraft:sculk_catalyst":1,"minecraft:iron_ore":88,"minecraft:cobbled_deepslate":19,"minecraft:pumpkin":9,"minecraft:deepslate_lapis_ore":13,"minecraft:enchanting_table":2,"minecraft:oak_sign":1,"minecraft:dirt_path":2,"minecraft:torch":5,"minecraft:blast_furnace":4,"minecraft:chest":1,"minecraft:cobblestone":20,"minecraft:grindstone":1,"minecraft:sugar_cane":55,"minecraft:oak_planks":7,"minecraft:wall_torch":3,"minecraft:birch_log":172,"minecraft:wheat":24,"minecraft:light_gray_wool":2,"minecraft:grass":131,"minecraft:oak_log":167,"minecraft:sand":108,"minecraft:dirt":328,"minecraft:oak_leaves":16,"minecraft:deepslate":203,"minecraft:tuff":16,"minecraft:deepslate_diamond_ore":24,"minecraft:mossy_cobblestone":6,"minecraft:spruce_leaves":8,"minecraft:moss_block":1,"minecraft:sandstone":30,"minecraft:large_fern":4,"minecraft:hay_block":1,"minecraft:furnace":9,"minecraft:andesite":9,"minecraft:peony":1,"minecraft:potatoes":32,"minecraft:deepslate_iron_ore":71,"minecraft:packed_ice":2,"minecraft:stone":458,"minecraft:smithing_table":1,"minecraft:crafting_table":22,"minecraft:emerald_ore":1,"minecraft:campfire":1,"minecraft:tall_grass":29,"minecraft:copper_ore":1,"minecraft:lapis_ore":8,"minecraft:deepslate_gold_ore":116,"minecraft:sculk":247,"minecraft:diorite":2,"minecraft:spruce_stairs":2,"minecraft:birch_planks":8,"minecraft:spruce_log":83,"minecraft:birch_leaves":3,"minecraft:yellow_bed":9,"minecraft:coal_ore":152,"minecraft:gravel":115,"minecraft:gold_ore":4,"minecraft:fern":1},"minecraft:custom":{"minecraft:interact_with_crafting_table":146,"minecraft:bell_ring":29,"minecraft:leave_game":29,"minecraft:time_since_death":229060,"minecraft:sprint_one_cm":2581095,"minecraft:damage_blocked_by_shield":9810,"minecraft:drop":152,"minecraft:talked_to_villager":4,"minecraft:play_time":911732,"minecraft:deaths":6,"minecraft:jump":20602,"minecraft:walk_on_water_one_cm":148738,"minecraft:enchant_item":10,"minecraft:interact_with_furnace":134,"minecraft:traded_with_villager":1,"minecraft:sleep_in_bed":20,"minecraft:damage_dealt":110781,"minecraft:crouch_one_cm":98615,"minecraft:interact_with_smoker":15,"minecraft:interact_with_smithing_table":11,"minecraft:mob_kills":806,"minecraft:interact_with_anvil":4,"minecraft:climb_one_cm":1286,"minecraft:walk_one_cm":1373560,"minecraft:sneak_time":44739,"minecraft:walk_under_water_one_cm":57186,"minecraft:boat_one_cm":493118,"minecraft:interact_with_blast_furnace":31,"minecraft:total_world_time":911732,"minecraft:interact_with_grindstone":13,"minecraft:time_since_rest":32515,"minecraft:damage_taken":14098,"minecraft:damage_absorbed":40,"minecraft:swim_one_cm":224831,"minecraft:fly_one_cm":6275751,"minecraft:open_chest":376,"minecraft:fall_one_cm":501671},"minecraft:used":{"minecraft:iron_shovel":554,"minecraft:oak_sign":3,"minecraft:chest":6,"minecraft:shield":150,"minecraft:iron_sword":81,"minecraft:mutton":2,"minecraft:tuff":6,"minecraft:axolotl_bucket":6,"minecraft:lava_bucket":27,"minecraft:bow":67,"minecraft:furnace":9,"minecraft:cooked_cod":6,"minecraft:potato":128,"minecraft:stone_pickaxe":343,"minecraft:oak_planks":12,"minecraft:wooden_pickaxe":57,"minecraft:sandstone":28,"minecraft:diamond_axe":912,"minecraft:white_wool":2,"minecraft:golden_apple":1,"minecraft:glow_berries":5,"minecraft:sand":53,"minecraft:blast_furnace":4,"minecraft:shears":9,"minecraft:bread":39,"minecraft:wooden_sword":55,"minecraft:grindstone":1,"minecraft:smithing_table":1,"minecraft:andesite":5,"minecraft:oak_boat":10,"minecraft:enchanting_table":3,"minecraft:stone_sword":799,"minecraft:carved_pumpkin":8,"minecraft:tropical_fish":8,"minecraft:stone_shovel":186,"minecraft:torch":213,"minecraft:dirt":605,"minecraft:anvil":1,"minecraft:golden_shovel":32,"minecraft:wooden_axe":39,"minecraft:bookshelf":9,"minecraft:iron_axe":387,"minecraft:iron_boots":1,"minecraft:light_gray_wool":2,"minecraft:cooked_beef":70,"minecraft:cobbled_deepslate":222,"minecraft:pumpkin":9,"minecraft:cooked_mutton":34,"minecraft:water_bucket":64,"minecraft:birch_planks":36,"minecraft:baked_potato":64,"minecraft:crafting_table":23,"minecraft:white_bed":7,"minecraft:smoker":1,"minecraft:oak_log":5,"minecraft:diamond_pickaxe":346,"minecraft:iron_pickaxe":645,"minecraft:stone_axe":187,"minecraft:cobblestone":212,"minecraft:cooked_porkchop":29,"minecraft:bucket":102,"minecraft:yellow_bed":8},"minecraft:crafted":{"minecraft:oak_planks":328,"minecraft:oak_sign":3,"minecraft:bookshelf":9,"minecraft:cooked_mutton":70,"minecraft:bow":2,"minecraft:iron_boots":4,"minecraft:chest":5,"minecraft:smoker":1,"minecraft:arrow":16,"minecraft:cooked_porkchop":120,"minecraft:diamond_axe":1,"minecraft:crafting_table":5,"minecraft:wooden_pickaxe":1,"minecraft:iron_helmet":4,"minecraft:birch_planks":100,"minecraft:book":29,"minecraft:iron_chestplate":4,"minecraft:paper":93,"minecraft:diamond_pickaxe":2,"minecraft:shield":5,"minecraft:stick":80,"minecraft:iron_ingot":163,"minecraft:iron_pickaxe":3,"minecraft:iron_block":3,"minecraft:stone_sword":6,"minecraft:gold_ingot":50,"minecraft:shears":1,"minecraft:wooden_sword":1,"minecraft:stone_shovel":1,"minecraft:furnace":3,"minecraft:iron_axe":4,"minecraft:stone_pickaxe":2,"minecraft:cooked_beef":124,"minecraft:enchanting_table":1,"minecraft:golden_shovel":1,"minecraft:bucket":5,"minecraft:stone_axe":2,"minecraft:bread":8,"minecraft:air":0,"minecraft:oak_boat":2,"minecraft:wooden_axe":1,"minecraft:iron_shovel":3,"minecraft:iron_leggings":4,"minecraft:anvil":1,"minecraft:torch":156},"minecraft:killed":{"minecraft:cave_spider":4,"minecraft:spider":28,"minecraft:skeleton":311,"minecraft:pig":80,"minecraft:zombie_villager":3,"minecraft:creeper":9,"minecraft:sheep":62,"minecraft:zombie":192,"minecraft:stray":2,"minecraft:cow":81,"minecraft:slime":17,"minecraft:drowned":4},"minecraft:dropped":{"minecraft:iron_sword":1,"minecraft:moss_block":1,"minecraft:birch_planks":22,"minecraft:lapis_lazuli":37,"minecraft:cooked_beef":26,"minecraft:oak_log":22,"minecraft:baked_potato":56,"minecraft:crafting_table":1,"minecraft:cooked_porkchop":11,"minecraft:leather_helmet":1,"minecraft:dirt":18,"minecraft:snowball":3,"minecraft:wooden_sword":1,"minecraft:bone_meal":1,"minecraft:axolotl_bucket":1,"minecraft:sand":4,"minecraft:dark_oak_planks":1,"minecraft:white_wool":27,"minecraft:bone":8,"minecraft:gravel":9,"minecraft:sugar_cane":2,"minecraft:golden_chestplate":2,"minecraft:cobbled_deepslate":3,"minecraft:birch_sapling":1,"minecraft:rotten_flesh":72,"minecraft:oak_planks":37,"minecraft:leather_chestplate":3,"minecraft:charcoal":2,"minecraft:leather_boots":1,"minecraft:leather_leggings":2,"minecraft:arrow":8,"minecraft:iron_ingot":1,"minecraft:golden_boots":1,"minecraft:wheat_seeds":16,"minecraft:golden_helmet":2,"minecraft:mossy_cobblestone":2,"minecraft:iron_helmet":1,"minecraft:feather":4,"minecraft:cobblestone":25,"minecraft:granite":16,"minecraft:spruce_stairs":2,"minecraft:diorite":7,"minecraft:iron_leggings":3,"minecraft:iron_axe":1,"minecraft:chainmail_leggings":1,"minecraft:iron_shovel":1,"minecraft:string":3,"minecraft:moss_carpet":2,"minecraft:kelp":1,"minecraft:raw_copper":3,"minecraft:tuff":11,"minecraft:light_gray_wool":4,"minecraft:iron_boots":3,"minecraft:filled_map":2,"minecraft:shield":3,"minecraft:peony":1,"minecraft:iron_chestplate":3,"minecraft:andesite":4,"minecraft:golden_leggings":1,"minecraft:oak_sapling":8,"minecraft:carved_pumpkin":4,"minecraft:spider_eye":2,"minecraft:bow":10,"minecraft:stone_pickaxe":1,"minecraft:wooden_pickaxe":2,"minecraft:black_wool":1},"minecraft:broken":{"minecraft:iron_shovel":2,"minecraft:golden_shovel":1,"minecraft:stone_pickaxe":2,"minecraft:stone_axe":1,"minecraft:iron_sword":1,"minecraft:wooden_axe":1,"minecraft:stone_shovel":1,"minecraft:stone_sword":6,"minecraft:shield":1,"minecraft:iron_axe":2,"minecraft:iron_pickaxe":1}},"DataVersion":3465}