{"stats":{"minecraft:crafted":{"minecraft:wooden_sword":1,"minecraft:oak_planks":132,"minecraft:oak_sign":3,"minecraft:furnace":2,"minecraft:cooked_mutton":23,"minecraft:iron_boots":1,"minecraft:iron_axe":1,"minecraft:stone_pickaxe":2,"minecraft:chest":2,"minecraft:cooked_beef":26,"minecraft:arrow":16,"minecraft:cooked_porkchop":40,"minecraft:crafting_table":3,"minecraft:wooden_pickaxe":1,"minecraft:iron_helmet":1,"minecraft:birch_planks":96,"minecraft:bucket":3,"minecraft:stone_axe":2,"minecraft:air":0,"minecraft:oak_boat":1,"minecraft:iron_chestplate":1,"minecraft:shield":1,"minecraft:stick":24,"minecraft:iron_ingot":60,"minecraft:iron_pickaxe":1,"minecraft:wooden_axe":1,"minecraft:stone_sword":1,"minecraft:iron_leggings":1,"minecraft:torch":56,"minecraft:shears":1},"minecraft:mined":{"minecraft:carved_pumpkin":13,"minecraft:cave_vines_plant":1,"minecraft:granite":1,"minecraft:grass_block":25,"minecraft:moss_block":1,"minecraft:sandstone":30,"minecraft:furnace":7,"minecraft:iron_ore":61,"minecraft:andesite":2,"minecraft:pumpkin":9,"minecraft:deepslate_lapis_ore":1,"minecraft:peony":1,"minecraft:deepslate_iron_ore":1,"minecraft:stone":91,"minecraft:smithing_table":1,"minecraft:crafting_table":10,"minecraft:campfire":1,"minecraft:tall_grass":3,"minecraft:cobblestone":4,"minecraft:deepslate_gold_ore":2,"minecraft:grindstone":1,"minecraft:sugar_cane":45,"minecraft:diorite":2,"minecraft:wall_torch":1,"minecraft:birch_planks":2,"minecraft:birch_log":94,"minecraft:birch_leaves":2,"minecraft:light_gray_wool":2,"minecraft:yellow_bed":6,"minecraft:grass":29,"minecraft:oak_log":93,"minecraft:coal_ore":75,"minecraft:sand":6,"minecraft:dirt":10,"minecraft:gold_ore":4,"minecraft:oak_leaves":5},"minecraft:killed":{"minecraft:spider":6,"minecraft:skeleton":15,"minecraft:drowned":3,"minecraft:pig":20,"minecraft:creeper":1,"minecraft:sheep":20,"minecraft:zombie":15,"minecraft:cow":27},"minecraft:used":{"minecraft:stone_sword":144,"minecraft:carved_pumpkin":7,"minecraft:tropical_fish":8,"minecraft:oak_sign":3,"minecraft:chest":2,"minecraft:shield":27,"minecraft:iron_sword":51,"minecraft:torch":42,"minecraft:dirt":50,"minecraft:mutton":2,"minecraft:axolotl_bucket":4,"minecraft:wooden_axe":39,"minecraft:lava_bucket":3,"minecraft:iron_axe":31,"minecraft:light_gray_wool":2,"minecraft:furnace":8,"minecraft:cooked_cod":6,"minecraft:cooked_beef":19,"minecraft:pumpkin":9,"minecraft:cooked_mutton":21,"minecraft:water_bucket":12,"minecraft:birch_planks":2,"minecraft:stone_pickaxe":192,"minecraft:oak_planks":2,"minecraft:wooden_pickaxe":56,"minecraft:glow_berries":1,"minecraft:sand":1,"minecraft:crafting_table":11,"minecraft:shears":9,"minecraft:bread":8,"minecraft:iron_pickaxe":57,"minecraft:stone_axe":187,"minecraft:wooden_sword":55,"minecraft:cobblestone":33,"minecraft:grindstone":1,"minecraft:cooked_porkchop":5,"minecraft:bucket":22,"minecraft:yellow_bed":5,"minecraft:oak_boat":3},"minecraft:dropped":{"minecraft:iron_ingot":1,"minecraft:moss_block":1,"minecraft:birch_planks":19,"minecraft:wheat_seeds":7,"minecraft:oak_log":22,"minecraft:feather":4,"minecraft:granite":1,"minecraft:dirt":8,"minecraft:diorite":7,"minecraft:wooden_sword":1,"minecraft:axolotl_bucket":1,"minecraft:sand":4,"minecraft:white_wool":2,"minecraft:moss_carpet":2,"minecraft:kelp":1,"minecraft:birch_sapling":1,"minecraft:rotten_flesh":3,"minecraft:light_gray_wool":2,"minecraft:oak_planks":37,"minecraft:iron_boots":1,"minecraft:filled_map":2,"minecraft:leather_chestplate":1,"minecraft:peony":1,"minecraft:iron_chestplate":1,"minecraft:charcoal":2,"minecraft:andesite":2,"minecraft:oak_sapling":8,"minecraft:carved_pumpkin":4,"minecraft:bow":2,"minecraft:wooden_pickaxe":1},"minecraft:picked_up":{"minecraft:charcoal":2,"minecraft:crafting_table":10,"minecraft:smithing_table":1,"minecraft:string":3,"minecraft:moss_carpet":2,"minecraft:cobbled_deepslate":9,"minecraft:beef":54,"minecraft:oak_boat":2,"minecraft:iron_nugget":6,"minecraft:light_gray_wool":4,"minecraft:sugar_cane":96,"minecraft:birch_sapling":1,"minecraft:furnace":7,"minecraft:stick":10,"minecraft:raw_iron":62,"minecraft:sandstone":28,"minecraft:torch":1,"minecraft:porkchop":42,"minecraft:diorite":7,"minecraft:arrow":27,"minecraft:rotten_flesh":6,"minecraft:cooked_cod":6,"minecraft:tropical_fish":8,"minecraft:peony":1,"minecraft:carved_pumpkin":15,"minecraft:mutton":30,"minecraft:glow_berries":1,"minecraft:white_wool":13,"minecraft:cobblestone":90,"minecraft:birch_log":88,"minecraft:andesite":2,"minecraft:leather":26,"minecraft:birch_planks":2,"minecraft:filled_map":1,"minecraft:oak_log":118,"minecraft:yellow_bed":6,"minecraft:gunpowder":2,"minecraft:lapis_lazuli":6,"minecraft:dirt":58,"minecraft:bone":23,"minecraft:kelp":1,"minecraft:bow":3,"minecraft:wheat_seeds":7,"minecraft:raw_gold":5,"minecraft:grindstone":1,"minecraft:iron_ingot":8,"minecraft:moss_block":1,"minecraft:oak_planks":84,"minecraft:iron_sword":1,"minecraft:pumpkin":9,"minecraft:sand":5,"minecraft:pumpkin_seeds":36,"minecraft:granite":1,"minecraft:bone_meal":1,"minecraft:oak_sapling":8,"minecraft:black_wool":1,"minecraft:coal":75},"minecraft:broken":{"minecraft:stone_sword":1,"minecraft:stone_pickaxe":1,"minecraft:stone_axe":1,"minecraft:iron_sword":1,"minecraft:wooden_axe":1},"minecraft:custom":{"minecraft:mob_kills":110,"minecraft:interact_with_crafting_table":53,"minecraft:bell_ring":17,"minecraft:leave_game":5,"minecraft:time_since_death":241195,"minecraft:climb_one_cm":938,"minecraft:sprint_one_cm":505328,"minecraft:walk_one_cm":264393,"minecraft:damage_blocked_by_shield":1695,"minecraft:drop":50,"minecraft:talked_to_villager":2,"minecraft:play_time":241195,"minecraft:sneak_time":4894,"minecraft:walk_under_water_one_cm":22084,"minecraft:boat_one_cm":291194,"minecraft:jump":5160,"minecraft:walk_on_water_one_cm":38977,"minecraft:total_world_time":241195,"minecraft:interact_with_furnace":83,"minecraft:traded_with_villager":1,"minecraft:interact_with_grindstone":1,"minecraft:sleep_in_bed":5,"minecraft:time_since_rest":1576,"minecraft:damage_taken":3368,"minecraft:damage_dealt":14960,"minecraft:swim_one_cm":69111,"minecraft:fly_one_cm":1269800,"minecraft:open_chest":63,"minecraft:crouch_one_cm":11496,"minecraft:fall_one_cm":127716}},"DataVersion":3465}