{"stats":{"minecraft:picked_up":{"minecraft:birch_log":6,"minecraft:crafting_table":7,"minecraft:leather":7,"minecraft:filled_map":1,"minecraft:oak_log":55,"minecraft:yellow_bed":2,"minecraft:gunpowder":2,"minecraft:dirt":32,"minecraft:bone":8,"minecraft:kelp":1,"minecraft:bow":1,"minecraft:wheat_seeds":7,"minecraft:iron_ingot":8,"minecraft:beef":17,"minecraft:oak_boat":2,"minecraft:iron_nugget":6,"minecraft:iron_sword":1,"minecraft:sugar_cane":49,"minecraft:oak_planks":78,"minecraft:furnace":4,"minecraft:stick":8,"minecraft:raw_iron":10,"minecraft:sandstone":28,"minecraft:pumpkin":9,"minecraft:porkchop":15,"minecraft:sand":5,"minecraft:pumpkin_seeds":36,"minecraft:arrow":8,"minecraft:rotten_flesh":1,"minecraft:cooked_cod":6,"minecraft:granite":1,"minecraft:carved_pumpkin":15,"minecraft:oak_sapling":6,"minecraft:black_wool":1,"minecraft:mutton":15,"minecraft:coal":49,"minecraft:white_wool":8,"minecraft:cobblestone":79},"minecraft:crafted":{"minecraft:cooked_beef":8,"minecraft:wooden_sword":1,"minecraft:oak_planks":108,"minecraft:oak_sign":3,"minecraft:cooked_porkchop":13,"minecraft:crafting_table":1,"minecraft:wooden_pickaxe":1,"minecraft:furnace":2,"minecraft:birch_planks":24,"minecraft:stone_axe":1,"minecraft:cooked_mutton":4,"minecraft:air":0,"minecraft:oak_boat":1,"minecraft:iron_chestplate":1,"minecraft:iron_boots":1,"minecraft:stick":8,"minecraft:iron_ingot":7,"minecraft:stone_pickaxe":1,"minecraft:wooden_axe":1,"minecraft:chest":1,"minecraft:shears":1},"minecraft:dropped":{"minecraft:kelp":1,"minecraft:birch_planks":19,"minecraft:wheat_seeds":6,"minecraft:oak_log":22,"minecraft:feather":4,"minecraft:rotten_flesh":1,"minecraft:oak_planks":31,"minecraft:granite":1,"minecraft:filled_map":1,"minecraft:oak_sapling":6,"minecraft:carved_pumpkin":3,"minecraft:wooden_pickaxe":1},"minecraft:custom":{"minecraft:interact_with_furnace":20,"minecraft:mob_kills":36,"minecraft:interact_with_crafting_table":17,"minecraft:bell_ring":17,"minecraft:leave_game":4,"minecraft:time_since_death":77211,"minecraft:sleep_in_bed":1,"minecraft:climb_one_cm":592,"minecraft:time_since_rest":13138,"minecraft:sprint_one_cm":201775,"minecraft:damage_taken":1022,"minecraft:walk_one_cm":107187,"minecraft:drop":16,"minecraft:damage_dealt":4703,"minecraft:swim_one_cm":26817,"minecraft:talked_to_villager":1,"minecraft:fly_one_cm":475164,"minecraft:open_chest":7,"minecraft:crouch_one_cm":7845,"minecraft:play_time":77211,"minecraft:sneak_time":3060,"minecraft:walk_under_water_one_cm":10506,"minecraft:boat_one_cm":291194,"minecraft:jump":1917,"minecraft:walk_on_water_one_cm":14215,"minecraft:total_world_time":77211,"minecraft:fall_one_cm":40670},"minecraft:used":{"minecraft:cooked_mutton":4,"minecraft:carved_pumpkin":7,"minecraft:stone_pickaxe":131,"minecraft:oak_planks":2,"minecraft:oak_sign":3,"minecraft:chest":1,"minecraft:wooden_pickaxe":56,"minecraft:iron_sword":51,"minecraft:dirt":30,"minecraft:sand":1,"minecraft:mutton":2,"minecraft:crafting_table":8,"minecraft:shears":9,"minecraft:wooden_axe":39,"minecraft:stone_axe":13,"minecraft:wooden_sword":26,"minecraft:cobblestone":4,"minecraft:cooked_porkchop":2,"minecraft:furnace":5,"minecraft:cooked_cod":6,"minecraft:yellow_bed":1,"minecraft:oak_boat":3,"minecraft:cooked_beef":8,"minecraft:pumpkin":9},"minecraft:mined":{"minecraft:carved_pumpkin":13,"minecraft:crafting_table":7,"minecraft:granite":1,"minecraft:grass_block":4,"minecraft:sugar_cane":24,"minecraft:sandstone":30,"minecraft:furnace":4,"minecraft:birch_log":6,"minecraft:iron_ore":10,"minecraft:birch_leaves":1,"minecraft:pumpkin":9,"minecraft:yellow_bed":2,"minecraft:grass":18,"minecraft:oak_log":29,"minecraft:coal_ore":49,"minecraft:dirt":7,"minecraft:sand":6,"minecraft:stone":83,"minecraft:oak_leaves":4},"minecraft:killed":{"minecraft:pig":6,"minecraft:creeper":1,"minecraft:skeleton":2,"minecraft:sheep":9,"minecraft:zombie":6,"minecraft:drowned":3,"minecraft:cow":9},"minecraft:broken":{"minecraft:stone_pickaxe":1,"minecraft:iron_sword":1,"minecraft:wooden_axe":1}},"DataVersion":3465}