{"stats":{"minecraft:picked_up":{"minecraft:birch_log":6,"minecraft:crafting_table":6,"minecraft:leather":7,"minecraft:filled_map":1,"minecraft:oak_log":43,"minecraft:yellow_bed":1,"minecraft:gunpowder":2,"minecraft:dirt":30,"minecraft:bone":6,"minecraft:kelp":1,"minecraft:bow":1,"minecraft:wheat_seeds":6,"minecraft:beef":17,"minecraft:oak_boat":1,"minecraft:sugar_cane":27,"minecraft:oak_planks":78,"minecraft:iron_sword":1,"minecraft:furnace":4,"minecraft:stick":8,"minecraft:raw_iron":7,"minecraft:sandstone":28,"minecraft:pumpkin":9,"minecraft:porkchop":3,"minecraft:sand":5,"minecraft:pumpkin_seeds":36,"minecraft:arrow":6,"minecraft:rotten_flesh":1,"minecraft:cooked_cod":4,"minecraft:granite":1,"minecraft:carved_pumpkin":14,"minecraft:oak_sapling":6,"minecraft:mutton":10,"minecraft:coal":14,"minecraft:white_wool":6,"minecraft:cobblestone":39},"minecraft:crafted":{"minecraft:cooked_beef":8,"minecraft:wooden_sword":1,"minecraft:oak_planks":84,"minecraft:crafting_table":1,"minecraft:wooden_pickaxe":1,"minecraft:furnace":2,"minecraft:birch_planks":24,"minecraft:cooked_mutton":4,"minecraft:air":0,"minecraft:oak_boat":1,"minecraft:iron_boots":1,"minecraft:stick":8,"minecraft:iron_ingot":7,"minecraft:stone_pickaxe":1,"minecraft:wooden_axe":1,"minecraft:shears":1},"minecraft:dropped":{"minecraft:kelp":1,"minecraft:birch_planks":19,"minecraft:wheat_seeds":6,"minecraft:oak_log":22,"minecraft:feather":4,"minecraft:rotten_flesh":1,"minecraft:oak_planks":31,"minecraft:granite":1,"minecraft:filled_map":1,"minecraft:oak_sapling":6,"minecraft:carved_pumpkin":3,"minecraft:wooden_pickaxe":1},"minecraft:custom":{"minecraft:interact_with_furnace":16,"minecraft:mob_kills":27,"minecraft:interact_with_crafting_table":10,"minecraft:bell_ring":6,"minecraft:leave_game":3,"minecraft:time_since_death":53323,"minecraft:climb_one_cm":592,"minecraft:time_since_rest":53323,"minecraft:sprint_one_cm":157307,"minecraft:damage_taken":557,"minecraft:walk_one_cm":83718,"minecraft:drop":16,"minecraft:damage_dealt":3885,"minecraft:swim_one_cm":19453,"minecraft:talked_to_villager":1,"minecraft:fly_one_cm":372513,"minecraft:open_chest":4,"minecraft:crouch_one_cm":7728,"minecraft:play_time":53323,"minecraft:sneak_time":2929,"minecraft:walk_under_water_one_cm":9706,"minecraft:boat_one_cm":86988,"minecraft:jump":1507,"minecraft:walk_on_water_one_cm":6787,"minecraft:total_world_time":53323,"minecraft:fall_one_cm":33866},"minecraft:used":{"minecraft:cooked_mutton":4,"minecraft:carved_pumpkin":3,"minecraft:stone_pickaxe":48,"minecraft:oak_planks":2,"minecraft:wooden_pickaxe":56,"minecraft:iron_sword":51,"minecraft:dirt":30,"minecraft:crafting_table":6,"minecraft:shears":9,"minecraft:wooden_axe":39,"minecraft:wooden_sword":4,"minecraft:cobblestone":4,"minecraft:furnace":4,"minecraft:oak_boat":1,"minecraft:cooked_beef":7,"minecraft:pumpkin":9},"minecraft:mined":{"minecraft:carved_pumpkin":12,"minecraft:crafting_table":6,"minecraft:granite":1,"minecraft:grass_block":3,"minecraft:sugar_cane":14,"minecraft:sandstone":30,"minecraft:furnace":4,"minecraft:birch_log":6,"minecraft:iron_ore":7,"minecraft:birch_leaves":1,"minecraft:pumpkin":9,"minecraft:yellow_bed":1,"minecraft:grass":8,"minecraft:oak_log":17,"minecraft:coal_ore":14,"minecraft:sand":6,"minecraft:dirt":6,"minecraft:stone":42,"minecraft:oak_leaves":4},"minecraft:killed":{"minecraft:pig":1,"minecraft:creeper":1,"minecraft:skeleton":1,"minecraft:sheep":6,"minecraft:zombie":6,"minecraft:drowned":3,"minecraft:cow":9},"minecraft:broken":{"minecraft:iron_sword":1,"minecraft:wooden_axe":1}},"DataVersion":3465}