{"stats":{"minecraft:used":{"minecraft:iron_shovel":425,"minecraft:oak_sign":3,"minecraft:chest":6,"minecraft:shield":136,"minecraft:iron_sword":81,"minecraft:mutton":2,"minecraft:tuff":6,"minecraft:axolotl_bucket":5,"minecraft:lava_bucket":27,"minecraft:bow":58,"minecraft:furnace":9,"minecraft:cooked_cod":6,"minecraft:potato":128,"minecraft:stone_pickaxe":343,"minecraft:oak_planks":12,"minecraft:wooden_pickaxe":57,"minecraft:sandstone":28,"minecraft:diamond_axe":549,"minecraft:white_wool":2,"minecraft:golden_apple":1,"minecraft:glow_berries":5,"minecraft:sand":27,"minecraft:blast_furnace":4,"minecraft:shears":9,"minecraft:bread":39,"minecraft:wooden_sword":55,"minecraft:grindstone":1,"minecraft:smithing_table":1,"minecraft:andesite":5,"minecraft:oak_boat":3,"minecraft:enchanting_table":3,"minecraft:stone_sword":799,"minecraft:carved_pumpkin":8,"minecraft:tropical_fish":8,"minecraft:stone_shovel":186,"minecraft:torch":159,"minecraft:dirt":389,"minecraft:anvil":1,"minecraft:golden_shovel":32,"minecraft:wooden_axe":39,"minecraft:bookshelf":9,"minecraft:iron_axe":387,"minecraft:iron_boots":1,"minecraft:light_gray_wool":2,"minecraft:cooked_beef":69,"minecraft:cobbled_deepslate":222,"minecraft:pumpkin":9,"minecraft:cooked_mutton":34,"minecraft:water_bucket":60,"minecraft:birch_planks":36,"minecraft:baked_potato":45,"minecraft:crafting_table":23,"minecraft:white_bed":3,"minecraft:smoker":1,"minecraft:diamond_pickaxe":346,"minecraft:iron_pickaxe":576,"minecraft:stone_axe":187,"minecraft:cobblestone":197,"minecraft:cooked_porkchop":29,"minecraft:bucket":97,"minecraft:yellow_bed":8},"minecraft:dropped":{"minecraft:iron_sword":1,"minecraft:moss_block":1,"minecraft:birch_planks":22,"minecraft:lapis_lazuli":37,"minecraft:cooked_beef":26,"minecraft:oak_log":22,"minecraft:baked_potato":56,"minecraft:crafting_table":1,"minecraft:cooked_porkchop":11,"minecraft:leather_helmet":1,"minecraft:dirt":18,"minecraft:snowball":3,"minecraft:wooden_sword":1,"minecraft:bone_meal":1,"minecraft:axolotl_bucket":1,"minecraft:sand":4,"minecraft:dark_oak_planks":1,"minecraft:white_wool":25,"minecraft:bone":8,"minecraft:gravel":9,"minecraft:sugar_cane":2,"minecraft:golden_chestplate":2,"minecraft:cobbled_deepslate":3,"minecraft:birch_sapling":1,"minecraft:rotten_flesh":72,"minecraft:oak_planks":37,"minecraft:leather_chestplate":3,"minecraft:charcoal":2,"minecraft:leather_boots":1,"minecraft:leather_leggings":2,"minecraft:arrow":8,"minecraft:iron_ingot":1,"minecraft:golden_boots":1,"minecraft:wheat_seeds":13,"minecraft:golden_helmet":2,"minecraft:feather":4,"minecraft:iron_helmet":1,"minecraft:cobblestone":16,"minecraft:granite":15,"minecraft:spruce_stairs":2,"minecraft:diorite":7,"minecraft:iron_leggings":3,"minecraft:iron_axe":1,"minecraft:chainmail_leggings":1,"minecraft:iron_shovel":1,"minecraft:string":3,"minecraft:moss_carpet":2,"minecraft:kelp":1,"minecraft:raw_copper":3,"minecraft:tuff":11,"minecraft:light_gray_wool":3,"minecraft:iron_boots":3,"minecraft:filled_map":2,"minecraft:shield":3,"minecraft:peony":1,"minecraft:iron_chestplate":3,"minecraft:andesite":4,"minecraft:golden_leggings":1,"minecraft:oak_sapling":8,"minecraft:carved_pumpkin":4,"minecraft:spider_eye":2,"minecraft:bow":10,"minecraft:stone_pickaxe":1,"minecraft:wooden_pickaxe":2,"minecraft:black_wool":1},"minecraft:killed":{"minecraft:cave_spider":4,"minecraft:spider":27,"minecraft:skeleton":306,"minecraft:pig":46,"minecraft:zombie_villager":3,"minecraft:creeper":9,"minecraft:sheep":50,"minecraft:zombie":185,"minecraft:stray":2,"minecraft:cow":67,"minecraft:slime":17,"minecraft:drowned":3},"minecraft:broken":{"minecraft:iron_shovel":1,"minecraft:golden_shovel":1,"minecraft:stone_pickaxe":2,"minecraft:stone_axe":1,"minecraft:iron_sword":1,"minecraft:wooden_axe":1,"minecraft:stone_shovel":1,"minecraft:stone_sword":6,"minecraft:iron_axe":2,"minecraft:iron_pickaxe":1},"minecraft:crafted":{"minecraft:oak_planks":320,"minecraft:oak_sign":3,"minecraft:bookshelf":9,"minecraft:cooked_mutton":53,"minecraft:bow":2,"minecraft:iron_boots":4,"minecraft:chest":5,"minecraft:smoker":1,"minecraft:arrow":16,"minecraft:cooked_porkchop":60,"minecraft:diamond_axe":1,"minecraft:crafting_table":5,"minecraft:wooden_pickaxe":1,"minecraft:iron_helmet":4,"minecraft:birch_planks":100,"minecraft:book":29,"minecraft:iron_chestplate":4,"minecraft:paper":93,"minecraft:diamond_pickaxe":2,"minecraft:shield":4,"minecraft:stick":72,"minecraft:iron_ingot":163,"minecraft:iron_pickaxe":3,"minecraft:iron_block":3,"minecraft:stone_sword":6,"minecraft:gold_ingot":50,"minecraft:shears":1,"minecraft:wooden_sword":1,"minecraft:stone_shovel":1,"minecraft:furnace":3,"minecraft:iron_axe":4,"minecraft:stone_pickaxe":2,"minecraft:cooked_beef":118,"minecraft:enchanting_table":1,"minecraft:golden_shovel":1,"minecraft:bucket":5,"minecraft:stone_axe":2,"minecraft:bread":8,"minecraft:air":0,"minecraft:oak_boat":2,"minecraft:wooden_axe":1,"minecraft:iron_shovel":2,"minecraft:iron_leggings":4,"minecraft:anvil":1,"minecraft:torch":108},"minecraft:killed_by":{"minecraft:creeper":2,"minecraft:zombie":2,"minecraft:skeleton":2},"minecraft:custom":{"minecraft:interact_with_crafting_table":141,"minecraft:bell_ring":29,"minecraft:leave_game":25,"minecraft:time_since_death":132231,"minecraft:sprint_one_cm":2305990,"minecraft:damage_blocked_by_shield":8640,"minecraft:drop":145,"minecraft:talked_to_villager":4,"minecraft:play_time":814903,"minecraft:deaths":6,"minecraft:jump":18987,"minecraft:walk_on_water_one_cm":135741,"minecraft:enchant_item":9,"minecraft:interact_with_furnace":134,"minecraft:traded_with_villager":1,"minecraft:sleep_in_bed":16,"minecraft:damage_dealt":103020,"minecraft:crouch_one_cm":91849,"minecraft:interact_with_smoker":9,"minecraft:interact_with_smithing_table":10,"minecraft:interact_with_anvil":4,"minecraft:mob_kills":732,"minecraft:climb_one_cm":1286,"minecraft:walk_one_cm":1220687,"minecraft:sneak_time":42062,"minecraft:walk_under_water_one_cm":51885,"minecraft:boat_one_cm":291194,"minecraft:interact_with_blast_furnace":29,"minecraft:total_world_time":814903,"minecraft:interact_with_grindstone":12,"minecraft:time_since_rest":3083,"minecraft:damage_taken":13661,"minecraft:damage_absorbed":40,"minecraft:swim_one_cm":208957,"minecraft:fly_one_cm":5882846,"minecraft:open_chest":345,"minecraft:fall_one_cm":475547},"minecraft:mined":{"minecraft:dark_oak_planks":1,"minecraft:white_bed":4,"minecraft:sculk_vein":7,"minecraft:brewing_stand":1,"minecraft:carved_pumpkin":14,"minecraft:obsidian":9,"minecraft:cave_vines_plant":1,"minecraft:granite":16,"minecraft:grass_block":250,"minecraft:spawner":3,"minecraft:sculk_catalyst":1,"minecraft:iron_ore":88,"minecraft:cobbled_deepslate":19,"minecraft:pumpkin":9,"minecraft:deepslate_lapis_ore":13,"minecraft:enchanting_table":2,"minecraft:oak_sign":1,"minecraft:dirt_path":1,"minecraft:torch":2,"minecraft:blast_furnace":4,"minecraft:chest":1,"minecraft:cobblestone":16,"minecraft:grindstone":1,"minecraft:sugar_cane":47,"minecraft:oak_planks":7,"minecraft:wall_torch":3,"minecraft:birch_log":95,"minecraft:wheat":24,"minecraft:light_gray_wool":2,"minecraft:grass":122,"minecraft:oak_log":93,"minecraft:sand":102,"minecraft:dirt":245,"minecraft:oak_leaves":5,"minecraft:deepslate":203,"minecraft:tuff":16,"minecraft:deepslate_diamond_ore":24,"minecraft:mossy_cobblestone":2,"minecraft:spruce_leaves":6,"minecraft:moss_block":1,"minecraft:sandstone":30,"minecraft:hay_block":1,"minecraft:furnace":9,"minecraft:andesite":9,"minecraft:peony":1,"minecraft:potatoes":32,"minecraft:deepslate_iron_ore":71,"minecraft:packed_ice":2,"minecraft:stone":446,"minecraft:smithing_table":1,"minecraft:crafting_table":22,"minecraft:emerald_ore":1,"minecraft:campfire":1,"minecraft:tall_grass":27,"minecraft:copper_ore":1,"minecraft:lapis_ore":8,"minecraft:deepslate_gold_ore":116,"minecraft:sculk":247,"minecraft:diorite":2,"minecraft:spruce_stairs":2,"minecraft:birch_planks":8,"minecraft:birch_leaves":2,"minecraft:yellow_bed":9,"minecraft:coal_ore":105,"minecraft:gravel":64,"minecraft:gold_ore":4},"minecraft:picked_up":{"minecraft:iron_chestplate":3,"minecraft:wheat":24,"minecraft:chainmail_boots":1,"minecraft:smithing_table":1,"minecraft:brewing_stand":3,"minecraft:string":36,"minecraft:raw_copper":6,"minecraft:iron_leggings":4,"minecraft:oak_sign":1,"minecraft:cobbled_deepslate":393,"minecraft:iron_pickaxe":2,"minecraft:furnace":11,"minecraft:iron_boots":3,"minecraft:golden_helmet":3,"minecraft:stick":15,"minecraft:torch":12,"minecraft:spruce_stairs":2,"minecraft:porkchop":132,"minecraft:diorite":7,"minecraft:golden_chestplate":2,"minecraft:rotten_flesh":188,"minecraft:tropical_fish":8,"minecraft:carved_pumpkin":16,"minecraft:obsidian":14,"minecraft:snowball":19,"minecraft:cobblestone":470,"minecraft:enchanting_table":2,"minecraft:birch_log":89,"minecraft:leather_chestplate":2,"minecraft:cooked_beef":7,"minecraft:water_bucket":3,"minecraft:andesite":9,"minecraft:potato":87,"minecraft:flint":9,"minecraft:tuff":29,"minecraft:lapis_lazuli":179,"minecraft:dirt":567,"minecraft:name_tag":1,"minecraft:leather_boots":2,"minecraft:bone":374,"minecraft:bow":33,"minecraft:wheat_seeds":103,"minecraft:raw_gold":157,"minecraft:grindstone":1,"minecraft:moss_block":1,"minecraft:oak_planks":115,"minecraft:cooked_porkchop":37,"minecraft:sand":143,"minecraft:mossy_cobblestone":2,"minecraft:diamond":50,"minecraft:granite":16,"minecraft:bone_meal":1,"minecraft:bread":17,"minecraft:emerald":1,"minecraft:oak_sapling":8,"minecraft:diamond_pickaxe":2,"minecraft:charcoal":2,"minecraft:crafting_table":25,"minecraft:leather_leggings":3,"minecraft:wooden_pickaxe":1,"minecraft:diamond_horse_armor":1,"minecraft:shield":4,"minecraft:moss_carpet":2,"minecraft:iron_axe":2,"minecraft:iron_shovel":1,"minecraft:beef":179,"minecraft:oak_boat":3,"minecraft:iron_nugget":32,"minecraft:light_gray_wool":5,"minecraft:chest":1,"minecraft:sugar_cane":101,"minecraft:birch_sapling":1,"minecraft:raw_iron":169,"minecraft:sandstone":56,"minecraft:carrot":7,"minecraft:dark_oak_planks":1,"minecraft:arrow":382,"minecraft:cooked_cod":6,"minecraft:peony":1,"minecraft:shears":2,"minecraft:glow_berries":1,"minecraft:mutton":116,"minecraft:white_wool":47,"minecraft:leather":97,"minecraft:filled_map":1,"minecraft:birch_planks":8,"minecraft:oak_log":120,"minecraft:yellow_bed":11,"minecraft:golden_boots":6,"minecraft:gunpowder":15,"minecraft:cooked_mutton":4,"minecraft:kelp":1,"minecraft:iron_ingot":29,"minecraft:stone_pickaxe":1,"minecraft:iron_sword":3,"minecraft:book":16,"minecraft:smooth_basalt":10,"minecraft:pumpkin":9,"minecraft:gravel":64,"minecraft:lava_bucket":3,"minecraft:blast_furnace":6,"minecraft:white_bed":5,"minecraft:spider_eye":6,"minecraft:leather_helmet":1,"minecraft:pumpkin_seeds":36,"minecraft:slime_ball":23,"minecraft:chainmail_leggings":2,"minecraft:iron_helmet":3,"minecraft:diamond_axe":1,"minecraft:baked_potato":172,"minecraft:black_wool":1,"minecraft:coal":159}},"DataVersion":3465}