{"stats":{"minecraft:used":{"minecraft:cooked_mutton":4,"minecraft:wooden_axe":36,"minecraft:oak_planks":2,"minecraft:wooden_pickaxe":25,"minecraft:iron_sword":5,"minecraft:wooden_sword":4,"minecraft:dirt":3,"minecraft:crafting_table":3,"minecraft:furnace":2},"minecraft:killed":{"minecraft:sheep":2,"minecraft:zombie":4,"minecraft:creeper":1,"minecraft:cow":4},"minecraft:crafted":{"minecraft:cooked_beef":5,"minecraft:wooden_sword":1,"minecraft:oak_planks":68,"minecraft:crafting_table":1,"minecraft:stick":8,"minecraft:wooden_pickaxe":1,"minecraft:wooden_axe":1,"minecraft:furnace":1,"minecraft:air":0,"minecraft:cooked_mutton":4},"minecraft:custom":{"minecraft:time_since_rest":18353,"minecraft:interact_with_furnace":5,"minecraft:sprint_one_cm":74696,"minecraft:damage_taken":160,"minecraft:walk_one_cm":41707,"minecraft:mob_kills":11,"minecraft:damage_dealt":1668,"minecraft:interact_with_crafting_table":3,"minecraft:swim_one_cm":4298,"minecraft:fly_one_cm":151139,"minecraft:crouch_one_cm":1349,"minecraft:play_time":18353,"minecraft:sneak_time":427,"minecraft:walk_under_water_one_cm":79,"minecraft:jump":642,"minecraft:leave_game":2,"minecraft:time_since_death":18353,"minecraft:walk_on_water_one_cm":2356,"minecraft:total_world_time":18353,"minecraft:fall_one_cm":14633},"minecraft:mined":{"minecraft:furnace":2,"minecraft:pumpkin":5,"minecraft:crafting_table":3,"minecraft:grass":7,"minecraft:coal_ore":8,"minecraft:grass_block":1,"minecraft:oak_log":17,"minecraft:dirt":5,"minecraft:stone":14,"minecraft:sugar_cane":3,"minecraft:oak_leaves":1},"minecraft:picked_up":{"minecraft:crafting_table":3,"minecraft:pumpkin":5,"minecraft:leather":3,"minecraft:oak_log":17,"minecraft:gunpowder":2,"minecraft:dirt":6,"minecraft:bone":2,"minecraft:arrow":2,"minecraft:rotten_flesh":1,"minecraft:wheat_seeds":1,"minecraft:beef":5,"minecraft:coal":8,"minecraft:iron_sword":1,"minecraft:sugar_cane":8,"minecraft:oak_planks":47,"minecraft:mutton":4,"minecraft:white_wool":2,"minecraft:cobblestone":14,"minecraft:furnace":2}},"DataVersion":3465}