{"stats":{"minecraft:picked_up":{"minecraft:iron_chestplate":3,"minecraft:wheat":24,"minecraft:smithing_table":1,"minecraft:brewing_stand":3,"minecraft:string":36,"minecraft:raw_copper":6,"minecraft:iron_leggings":4,"minecraft:oak_sign":1,"minecraft:cobbled_deepslate":372,"minecraft:iron_pickaxe":2,"minecraft:furnace":11,"minecraft:iron_boots":3,"minecraft:golden_helmet":2,"minecraft:stick":15,"minecraft:torch":12,"minecraft:spruce_stairs":2,"minecraft:porkchop":132,"minecraft:diorite":7,"minecraft:golden_chestplate":1,"minecraft:rotten_flesh":162,"minecraft:tropical_fish":8,"minecraft:carved_pumpkin":15,"minecraft:obsidian":14,"minecraft:snowball":19,"minecraft:cobblestone":192,"minecraft:enchanting_table":2,"minecraft:birch_log":89,"minecraft:leather_chestplate":1,"minecraft:cooked_beef":7,"minecraft:water_bucket":3,"minecraft:andesite":9,"minecraft:potato":87,"minecraft:flint":1,"minecraft:tuff":29,"minecraft:lapis_lazuli":179,"minecraft:dirt":207,"minecraft:name_tag":1,"minecraft:bone":115,"minecraft:bow":10,"minecraft:wheat_seeds":100,"minecraft:raw_gold":157,"minecraft:grindstone":1,"minecraft:moss_block":1,"minecraft:oak_planks":115,"minecraft:cooked_porkchop":37,"minecraft:sand":83,"minecraft:diamond":38,"minecraft:granite":15,"minecraft:bone_meal":1,"minecraft:bread":17,"minecraft:emerald":1,"minecraft:oak_sapling":8,"minecraft:diamond_pickaxe":2,"minecraft:charcoal":2,"minecraft:crafting_table":22,"minecraft:wooden_pickaxe":1,"minecraft:diamond_horse_armor":1,"minecraft:shield":4,"minecraft:moss_carpet":2,"minecraft:iron_axe":2,"minecraft:iron_shovel":1,"minecraft:beef":179,"minecraft:oak_boat":3,"minecraft:iron_nugget":32,"minecraft:light_gray_wool":5,"minecraft:sugar_cane":101,"minecraft:birch_sapling":1,"minecraft:raw_iron":169,"minecraft:sandstone":56,"minecraft:carrot":7,"minecraft:dark_oak_planks":1,"minecraft:arrow":125,"minecraft:cooked_cod":6,"minecraft:peony":1,"minecraft:shears":2,"minecraft:glow_berries":1,"minecraft:mutton":116,"minecraft:white_wool":47,"minecraft:leather":97,"minecraft:filled_map":1,"minecraft:birch_planks":8,"minecraft:oak_log":118,"minecraft:yellow_bed":11,"minecraft:golden_boots":4,"minecraft:gunpowder":15,"minecraft:cooked_mutton":4,"minecraft:kelp":1,"minecraft:iron_ingot":29,"minecraft:stone_pickaxe":1,"minecraft:iron_sword":3,"minecraft:book":16,"minecraft:smooth_basalt":10,"minecraft:pumpkin":9,"minecraft:gravel":9,"minecraft:lava_bucket":3,"minecraft:blast_furnace":6,"minecraft:white_bed":3,"minecraft:spider_eye":6,"minecraft:pumpkin_seeds":36,"minecraft:slime_ball":23,"minecraft:chainmail_leggings":1,"minecraft:iron_helmet":3,"minecraft:diamond_axe":1,"minecraft:baked_potato":172,"minecraft:black_wool":1,"minecraft:coal":159},"minecraft:custom":{"minecraft:interact_with_crafting_table":121,"minecraft:bell_ring":29,"minecraft:leave_game":21,"minecraft:time_since_death":14650,"minecraft:sprint_one_cm":2130917,"minecraft:damage_blocked_by_shield":8520,"minecraft:drop":124,"minecraft:talked_to_villager":4,"minecraft:play_time":697322,"minecraft:deaths":6,"minecraft:jump":17463,"minecraft:walk_on_water_one_cm":120469,"minecraft:enchant_item":9,"minecraft:interact_with_furnace":134,"minecraft:traded_with_villager":1,"minecraft:sleep_in_bed":13,"minecraft:damage_dealt":66625,"minecraft:crouch_one_cm":54094,"minecraft:interact_with_smoker":3,"minecraft:interact_with_smithing_table":9,"minecraft:mob_kills":456,"minecraft:climb_one_cm":1286,"minecraft:walk_one_cm":1038663,"minecraft:sneak_time":26270,"minecraft:walk_under_water_one_cm":50790,"minecraft:boat_one_cm":291194,"minecraft:interact_with_blast_furnace":16,"minecraft:total_world_time":697322,"minecraft:interact_with_grindstone":10,"minecraft:time_since_rest":14943,"minecraft:damage_taken":12963,"minecraft:damage_absorbed":40,"minecraft:swim_one_cm":199630,"minecraft:fly_one_cm":5617242,"minecraft:open_chest":247,"minecraft:fall_one_cm":454659},"minecraft:killed_by":{"minecraft:creeper":2,"minecraft:zombie":2,"minecraft:skeleton":2},"minecraft:used":{"minecraft:oak_sign":3,"minecraft:chest":2,"minecraft:shield":133,"minecraft:iron_sword":81,"minecraft:mutton":2,"minecraft:tuff":2,"minecraft:axolotl_bucket":5,"minecraft:lava_bucket":19,"minecraft:bow":36,"minecraft:furnace":9,"minecraft:cooked_cod":6,"minecraft:potato":128,"minecraft:stone_pickaxe":218,"minecraft:oak_planks":12,"minecraft:wooden_pickaxe":57,"minecraft:sandstone":28,"minecraft:diamond_axe":409,"minecraft:white_wool":2,"minecraft:golden_apple":1,"minecraft:glow_berries":5,"minecraft:sand":21,"minecraft:blast_furnace":4,"minecraft:shears":9,"minecraft:bread":39,"minecraft:wooden_sword":55,"minecraft:grindstone":1,"minecraft:smithing_table":1,"minecraft:andesite":5,"minecraft:oak_boat":3,"minecraft:enchanting_table":3,"minecraft:stone_sword":144,"minecraft:carved_pumpkin":7,"minecraft:tropical_fish":8,"minecraft:stone_shovel":186,"minecraft:torch":159,"minecraft:dirt":180,"minecraft:wooden_axe":39,"minecraft:bookshelf":9,"minecraft:iron_axe":387,"minecraft:iron_boots":1,"minecraft:light_gray_wool":2,"minecraft:cooked_beef":69,"minecraft:cobbled_deepslate":199,"minecraft:pumpkin":9,"minecraft:cooked_mutton":34,"minecraft:water_bucket":60,"minecraft:birch_planks":36,"minecraft:baked_potato":21,"minecraft:crafting_table":20,"minecraft:white_bed":1,"minecraft:smoker":1,"minecraft:diamond_pickaxe":297,"minecraft:iron_pickaxe":446,"minecraft:stone_axe":187,"minecraft:cobblestone":120,"minecraft:cooked_porkchop":29,"minecraft:bucket":88,"minecraft:yellow_bed":8},"minecraft:broken":{"minecraft:stone_pickaxe":1,"minecraft:stone_axe":1,"minecraft:iron_sword":1,"minecraft:wooden_axe":1,"minecraft:stone_shovel":1,"minecraft:stone_sword":1,"minecraft:iron_axe":2,"minecraft:iron_pickaxe":1},"minecraft:killed":{"minecraft:cave_spider":4,"minecraft:spider":27,"minecraft:skeleton":63,"minecraft:pig":46,"minecraft:zombie_villager":3,"minecraft:creeper":9,"minecraft:sheep":50,"minecraft:zombie":152,"minecraft:stray":2,"minecraft:cow":67,"minecraft:slime":17,"minecraft:drowned":3},"minecraft:dropped":{"minecraft:iron_sword":1,"minecraft:moss_block":1,"minecraft:birch_planks":22,"minecraft:lapis_lazuli":37,"minecraft:cooked_beef":26,"minecraft:oak_log":22,"minecraft:baked_potato":55,"minecraft:crafting_table":1,"minecraft:cooked_porkchop":11,"minecraft:dirt":18,"minecraft:snowball":3,"minecraft:wooden_sword":1,"minecraft:bone_meal":1,"minecraft:axolotl_bucket":1,"minecraft:sand":4,"minecraft:dark_oak_planks":1,"minecraft:white_wool":25,"minecraft:bone":8,"minecraft:gravel":9,"minecraft:sugar_cane":2,"minecraft:cobbled_deepslate":3,"minecraft:birch_sapling":1,"minecraft:rotten_flesh":72,"minecraft:oak_planks":37,"minecraft:leather_chestplate":2,"minecraft:charcoal":2,"minecraft:arrow":8,"minecraft:iron_ingot":1,"minecraft:golden_boots":1,"minecraft:wheat_seeds":13,"minecraft:golden_helmet":2,"minecraft:feather":4,"minecraft:iron_helmet":1,"minecraft:cobblestone":14,"minecraft:granite":15,"minecraft:diorite":7,"minecraft:iron_leggings":3,"minecraft:iron_axe":1,"minecraft:chainmail_leggings":1,"minecraft:iron_shovel":1,"minecraft:string":3,"minecraft:moss_carpet":2,"minecraft:kelp":1,"minecraft:tuff":11,"minecraft:light_gray_wool":3,"minecraft:iron_boots":3,"minecraft:filled_map":2,"minecraft:shield":3,"minecraft:peony":1,"minecraft:iron_chestplate":3,"minecraft:andesite":4,"minecraft:oak_sapling":8,"minecraft:carved_pumpkin":4,"minecraft:spider_eye":2,"minecraft:bow":5,"minecraft:stone_pickaxe":1,"minecraft:wooden_pickaxe":2},"minecraft:mined":{"minecraft:dark_oak_planks":1,"minecraft:white_bed":2,"minecraft:sculk_vein":7,"minecraft:brewing_stand":1,"minecraft:carved_pumpkin":13,"minecraft:obsidian":9,"minecraft:cave_vines_plant":1,"minecraft:granite":15,"minecraft:grass_block":100,"minecraft:spawner":2,"minecraft:sculk_catalyst":1,"minecraft:iron_ore":88,"minecraft:cobbled_deepslate":6,"minecraft:pumpkin":9,"minecraft:deepslate_lapis_ore":13,"minecraft:enchanting_table":2,"minecraft:oak_sign":1,"minecraft:dirt_path":1,"minecraft:torch":1,"minecraft:blast_furnace":4,"minecraft:cobblestone":4,"minecraft:grindstone":1,"minecraft:sugar_cane":47,"minecraft:oak_planks":7,"minecraft:wall_torch":3,"minecraft:birch_log":95,"minecraft:wheat":24,"minecraft:light_gray_wool":2,"minecraft:grass":114,"minecraft:oak_log":93,"minecraft:sand":54,"minecraft:dirt":35,"minecraft:oak_leaves":5,"minecraft:deepslate":195,"minecraft:tuff":16,"minecraft:deepslate_diamond_ore":24,"minecraft:spruce_leaves":6,"minecraft:moss_block":1,"minecraft:sandstone":30,"minecraft:hay_block":1,"minecraft:furnace":9,"minecraft:andesite":9,"minecraft:peony":1,"minecraft:potatoes":32,"minecraft:deepslate_iron_ore":71,"minecraft:packed_ice":2,"minecraft:stone":182,"minecraft:smithing_table":1,"minecraft:crafting_table":19,"minecraft:emerald_ore":1,"minecraft:campfire":1,"minecraft:tall_grass":26,"minecraft:copper_ore":1,"minecraft:lapis_ore":8,"minecraft:deepslate_gold_ore":116,"minecraft:sculk":247,"minecraft:diorite":2,"minecraft:spruce_stairs":2,"minecraft:birch_planks":8,"minecraft:birch_leaves":2,"minecraft:yellow_bed":9,"minecraft:coal_ore":105,"minecraft:gravel":1,"minecraft:gold_ore":4},"minecraft:crafted":{"minecraft:oak_planks":244,"minecraft:oak_sign":3,"minecraft:bookshelf":9,"minecraft:cooked_mutton":48,"minecraft:bow":2,"minecraft:iron_boots":4,"minecraft:chest":2,"minecraft:smoker":1,"minecraft:arrow":16,"minecraft:cooked_porkchop":52,"minecraft:diamond_axe":1,"minecraft:crafting_table":5,"minecraft:wooden_pickaxe":1,"minecraft:iron_helmet":4,"minecraft:birch_planks":100,"minecraft:book":29,"minecraft:iron_chestplate":4,"minecraft:paper":93,"minecraft:diamond_pickaxe":2,"minecraft:shield":4,"minecraft:stick":56,"minecraft:iron_ingot":109,"minecraft:iron_pickaxe":2,"minecraft:stone_sword":1,"minecraft:gold_ingot":50,"minecraft:shears":1,"minecraft:wooden_sword":1,"minecraft:stone_shovel":1,"minecraft:furnace":3,"minecraft:iron_axe":4,"minecraft:stone_pickaxe":2,"minecraft:cooked_beef":118,"minecraft:enchanting_table":1,"minecraft:bucket":5,"minecraft:stone_axe":2,"minecraft:bread":8,"minecraft:air":0,"minecraft:oak_boat":2,"minecraft:wooden_axe":1,"minecraft:iron_leggings":4,"minecraft:torch":108}},"DataVersion":3465}