{"stats":{"minecraft:crafted":{"minecraft:wooden_sword":1,"minecraft:oak_planks":132,"minecraft:oak_sign":3,"minecraft:furnace":2,"minecraft:cooked_mutton":23,"minecraft:iron_boots":1,"minecraft:stone_pickaxe":2,"minecraft:chest":2,"minecraft:cooked_beef":26,"minecraft:arrow":16,"minecraft:cooked_porkchop":40,"minecraft:crafting_table":2,"minecraft:wooden_pickaxe":1,"minecraft:iron_helmet":1,"minecraft:bucket":2,"minecraft:birch_planks":48,"minecraft:stone_axe":2,"minecraft:air":0,"minecraft:oak_boat":1,"minecraft:iron_chestplate":1,"minecraft:shield":1,"minecraft:stick":24,"minecraft:iron_ingot":47,"minecraft:iron_pickaxe":1,"minecraft:wooden_axe":1,"minecraft:stone_sword":1,"minecraft:iron_leggings":1,"minecraft:torch":56,"minecraft:shears":1},"minecraft:picked_up":{"minecraft:charcoal":2,"minecraft:crafting_table":9,"minecraft:smithing_table":1,"minecraft:string":3,"minecraft:beef":35,"minecraft:oak_boat":2,"minecraft:iron_nugget":6,"minecraft:light_gray_wool":4,"minecraft:sugar_cane":84,"minecraft:birch_sapling":1,"minecraft:furnace":6,"minecraft:raw_iron":50,"minecraft:stick":10,"minecraft:sandstone":28,"minecraft:torch":1,"minecraft:porkchop":40,"minecraft:arrow":18,"minecraft:rotten_flesh":4,"minecraft:cooked_cod":6,"minecraft:peony":1,"minecraft:carved_pumpkin":15,"minecraft:mutton":25,"minecraft:glow_berries":1,"minecraft:white_wool":10,"minecraft:cobblestone":90,"minecraft:birch_log":88,"minecraft:leather":15,"minecraft:filled_map":1,"minecraft:oak_log":118,"minecraft:yellow_bed":3,"minecraft:gunpowder":2,"minecraft:dirt":57,"minecraft:bone":18,"minecraft:kelp":1,"minecraft:bow":2,"minecraft:wheat_seeds":7,"minecraft:iron_ingot":8,"minecraft:grindstone":1,"minecraft:oak_planks":84,"minecraft:iron_sword":1,"minecraft:pumpkin":9,"minecraft:sand":5,"minecraft:pumpkin_seeds":36,"minecraft:granite":1,"minecraft:oak_sapling":8,"minecraft:black_wool":1,"minecraft:coal":75},"minecraft:dropped":{"minecraft:birch_planks":19,"minecraft:wheat_seeds":6,"minecraft:oak_log":22,"minecraft:feather":4,"minecraft:granite":1,"minecraft:dirt":6,"minecraft:wooden_sword":1,"minecraft:axolotl_bucket":1,"minecraft:sand":4,"minecraft:white_wool":2,"minecraft:kelp":1,"minecraft:birch_sapling":1,"minecraft:rotten_flesh":3,"minecraft:oak_planks":37,"minecraft:filled_map":2,"minecraft:leather_chestplate":1,"minecraft:peony":1,"minecraft:charcoal":2,"minecraft:oak_sapling":8,"minecraft:carved_pumpkin":3,"minecraft:bow":2,"minecraft:wooden_pickaxe":1},"minecraft:custom":{"minecraft:mob_kills":87,"minecraft:interact_with_crafting_table":45,"minecraft:bell_ring":17,"minecraft:leave_game":4,"minecraft:time_since_death":179211,"minecraft:climb_one_cm":803,"minecraft:sprint_one_cm":382866,"minecraft:walk_one_cm":207152,"minecraft:damage_blocked_by_shield":975,"minecraft:drop":36,"minecraft:talked_to_villager":2,"minecraft:play_time":179211,"minecraft:sneak_time":3942,"minecraft:walk_under_water_one_cm":13364,"minecraft:boat_one_cm":291194,"minecraft:jump":3806,"minecraft:walk_on_water_one_cm":23710,"minecraft:total_world_time":179211,"minecraft:interact_with_furnace":75,"minecraft:traded_with_villager":1,"minecraft:interact_with_grindstone":1,"minecraft:sleep_in_bed":2,"minecraft:time_since_rest":45008,"minecraft:damage_taken":2171,"minecraft:damage_dealt":11391,"minecraft:swim_one_cm":47886,"minecraft:fly_one_cm":935170,"minecraft:open_chest":44,"minecraft:crouch_one_cm":8821,"minecraft:fall_one_cm":86569},"minecraft:used":{"minecraft:stone_sword":108,"minecraft:carved_pumpkin":7,"minecraft:oak_sign":3,"minecraft:chest":2,"minecraft:shield":17,"minecraft:iron_sword":51,"minecraft:torch":33,"minecraft:dirt":49,"minecraft:mutton":2,"minecraft:axolotl_bucket":4,"minecraft:wooden_axe":39,"minecraft:light_gray_wool":2,"minecraft:furnace":8,"minecraft:cooked_cod":6,"minecraft:cooked_beef":19,"minecraft:pumpkin":9,"minecraft:cooked_mutton":5,"minecraft:water_bucket":2,"minecraft:birch_planks":2,"minecraft:stone_pickaxe":192,"minecraft:oak_planks":2,"minecraft:wooden_pickaxe":56,"minecraft:glow_berries":1,"minecraft:sand":1,"minecraft:crafting_table":10,"minecraft:shears":9,"minecraft:bread":5,"minecraft:iron_pickaxe":32,"minecraft:stone_axe":187,"minecraft:wooden_sword":55,"minecraft:cobblestone":11,"minecraft:cooked_porkchop":5,"minecraft:bucket":8,"minecraft:yellow_bed":2,"minecraft:oak_boat":3},"minecraft:mined":{"minecraft:carved_pumpkin":13,"minecraft:cave_vines_plant":1,"minecraft:granite":1,"minecraft:grass_block":24,"minecraft:sandstone":30,"minecraft:furnace":6,"minecraft:iron_ore":50,"minecraft:pumpkin":9,"minecraft:peony":1,"minecraft:stone":91,"minecraft:smithing_table":1,"minecraft:crafting_table":9,"minecraft:campfire":1,"minecraft:tall_grass":2,"minecraft:cobblestone":4,"minecraft:grindstone":1,"minecraft:sugar_cane":38,"minecraft:wall_torch":1,"minecraft:birch_log":94,"minecraft:birch_leaves":2,"minecraft:light_gray_wool":2,"minecraft:yellow_bed":3,"minecraft:grass":25,"minecraft:coal_ore":75,"minecraft:oak_log":93,"minecraft:sand":6,"minecraft:dirt":10,"minecraft:oak_leaves":5},"minecraft:killed":{"minecraft:spider":6,"minecraft:skeleton":10,"minecraft:drowned":3,"minecraft:pig":19,"minecraft:creeper":1,"minecraft:sheep":17,"minecraft:zombie":11,"minecraft:cow":18},"minecraft:broken":{"minecraft:stone_pickaxe":1,"minecraft:stone_axe":1,"minecraft:iron_sword":1,"minecraft:wooden_axe":1}},"DataVersion":3465}