{"stats":{"minecraft:picked_up":{"minecraft:charcoal":2,"minecraft:iron_chestplate":2,"minecraft:crafting_table":19,"minecraft:smithing_table":1,"minecraft:wooden_pickaxe":1,"minecraft:diamond_horse_armor":1,"minecraft:brewing_stand":3,"minecraft:shield":2,"minecraft:string":23,"minecraft:moss_carpet":2,"minecraft:iron_axe":2,"minecraft:iron_leggings":2,"minecraft:oak_sign":1,"minecraft:cobbled_deepslate":209,"minecraft:beef":167,"minecraft:oak_boat":2,"minecraft:iron_nugget":32,"minecraft:iron_pickaxe":2,"minecraft:light_gray_wool":4,"minecraft:sugar_cane":101,"minecraft:birch_sapling":1,"minecraft:iron_boots":2,"minecraft:furnace":10,"minecraft:raw_iron":158,"minecraft:stick":14,"minecraft:sandstone":56,"minecraft:torch":2,"minecraft:spruce_stairs":2,"minecraft:porkchop":116,"minecraft:diorite":7,"minecraft:carrot":4,"minecraft:golden_chestplate":1,"minecraft:dark_oak_planks":1,"minecraft:arrow":65,"minecraft:rotten_flesh":91,"minecraft:cooked_cod":6,"minecraft:tropical_fish":8,"minecraft:peony":1,"minecraft:shears":2,"minecraft:carved_pumpkin":15,"minecraft:obsidian":14,"minecraft:glow_berries":1,"minecraft:mutton":86,"minecraft:snowball":19,"minecraft:white_wool":36,"minecraft:cobblestone":119,"minecraft:birch_log":89,"minecraft:enchanting_table":2,"minecraft:leather_chestplate":1,"minecraft:cooked_beef":7,"minecraft:water_bucket":2,"minecraft:andesite":4,"minecraft:leather":89,"minecraft:potato":31,"minecraft:filled_map":1,"minecraft:birch_planks":8,"minecraft:tuff":9,"minecraft:oak_log":118,"minecraft:golden_boots":2,"minecraft:yellow_bed":11,"minecraft:gunpowder":5,"minecraft:lapis_lazuli":152,"minecraft:dirt":116,"minecraft:name_tag":1,"minecraft:cooked_mutton":4,"minecraft:bone":75,"minecraft:kelp":1,"minecraft:bow":7,"minecraft:wheat_seeds":23,"minecraft:raw_gold":109,"minecraft:iron_ingot":29,"minecraft:grindstone":1,"minecraft:stone_pickaxe":1,"minecraft:moss_block":1,"minecraft:iron_sword":2,"minecraft:oak_planks":105,"minecraft:book":16,"minecraft:cooked_porkchop":32,"minecraft:pumpkin":9,"minecraft:lava_bucket":2,"minecraft:sand":5,"minecraft:blast_furnace":4,"minecraft:spider_eye":3,"minecraft:pumpkin_seeds":36,"minecraft:slime_ball":20,"minecraft:diamond":28,"minecraft:iron_helmet":2,"minecraft:granite":1,"minecraft:bone_meal":1,"minecraft:bread":17,"minecraft:emerald":1,"minecraft:oak_sapling":8,"minecraft:black_wool":1,"minecraft:coal":129,"minecraft:diamond_pickaxe":1},"minecraft:custom":{"minecraft:interact_with_smithing_table":5,"minecraft:mob_kills":312,"minecraft:interact_with_crafting_table":102,"minecraft:bell_ring":19,"minecraft:leave_game":17,"minecraft:time_since_death":122639,"minecraft:climb_one_cm":1286,"minecraft:sprint_one_cm":1639299,"minecraft:walk_one_cm":758914,"minecraft:damage_blocked_by_shield":4905,"minecraft:drop":90,"minecraft:talked_to_villager":4,"minecraft:play_time":562059,"minecraft:sneak_time":16008,"minecraft:deaths":5,"minecraft:walk_under_water_one_cm":36593,"minecraft:boat_one_cm":291194,"minecraft:jump":13270,"minecraft:interact_with_blast_furnace":6,"minecraft:walk_on_water_one_cm":89881,"minecraft:enchant_item":6,"minecraft:total_world_time":562059,"minecraft:interact_with_furnace":124,"minecraft:traded_with_villager":1,"minecraft:interact_with_grindstone":5,"minecraft:sleep_in_bed":10,"minecraft:time_since_rest":122732,"minecraft:damage_taken":9789,"minecraft:damage_absorbed":40,"minecraft:damage_dealt":43724,"minecraft:swim_one_cm":172848,"minecraft:fly_one_cm":4757365,"minecraft:open_chest":199,"minecraft:crouch_one_cm":28832,"minecraft:fall_one_cm":350631},"minecraft:killed_by":{"minecraft:creeper":2,"minecraft:skeleton":2,"minecraft:zombie":1},"minecraft:used":{"minecraft:tropical_fish":8,"minecraft:stone_sword":144,"minecraft:enchanting_table":3,"minecraft:carved_pumpkin":7,"minecraft:oak_sign":3,"minecraft:chest":2,"minecraft:shield":77,"minecraft:iron_sword":81,"minecraft:torch":58,"minecraft:dirt":90,"minecraft:mutton":2,"minecraft:tuff":2,"minecraft:axolotl_bucket":4,"minecraft:wooden_axe":39,"minecraft:lava_bucket":7,"minecraft:bookshelf":9,"minecraft:iron_axe":387,"minecraft:light_gray_wool":2,"minecraft:bow":12,"minecraft:furnace":9,"minecraft:cooked_cod":6,"minecraft:potato":48,"minecraft:cooked_beef":52,"minecraft:cobbled_deepslate":46,"minecraft:pumpkin":9,"minecraft:cooked_mutton":28,"minecraft:water_bucket":38,"minecraft:birch_planks":36,"minecraft:stone_pickaxe":218,"minecraft:oak_planks":9,"minecraft:wooden_pickaxe":57,"minecraft:sandstone":28,"minecraft:diamond_axe":91,"minecraft:white_wool":2,"minecraft:golden_apple":1,"minecraft:glow_berries":1,"minecraft:sand":1,"minecraft:blast_furnace":2,"minecraft:crafting_table":18,"minecraft:shears":9,"minecraft:diamond_pickaxe":104,"minecraft:iron_pickaxe":309,"minecraft:bread":38,"minecraft:stone_axe":187,"minecraft:wooden_sword":55,"minecraft:cobblestone":63,"minecraft:grindstone":1,"minecraft:cooked_porkchop":27,"minecraft:smithing_table":1,"minecraft:bucket":54,"minecraft:yellow_bed":8,"minecraft:oak_boat":3},"minecraft:broken":{"minecraft:stone_sword":1,"minecraft:stone_pickaxe":1,"minecraft:iron_axe":2,"minecraft:stone_axe":1,"minecraft:iron_sword":1,"minecraft:wooden_axe":1},"minecraft:killed":{"minecraft:cave_spider":3,"minecraft:spider":17,"minecraft:slime":12,"minecraft:skeleton":34,"minecraft:drowned":3,"minecraft:pig":42,"minecraft:zombie_villager":2,"minecraft:creeper":4,"minecraft:sheep":40,"minecraft:zombie":81,"minecraft:stray":2,"minecraft:cow":64},"minecraft:dropped":{"minecraft:iron_ingot":1,"minecraft:moss_block":1,"minecraft:birch_planks":22,"minecraft:lapis_lazuli":10,"minecraft:wheat_seeds":13,"minecraft:cooked_beef":26,"minecraft:oak_log":22,"minecraft:cooked_porkchop":11,"minecraft:feather":4,"minecraft:cobblestone":11,"minecraft:granite":1,"minecraft:dirt":16,"minecraft:diorite":7,"minecraft:snowball":3,"minecraft:iron_leggings":1,"minecraft:wooden_sword":1,"minecraft:bone_meal":1,"minecraft:axolotl_bucket":1,"minecraft:sand":4,"minecraft:iron_axe":1,"minecraft:string":3,"minecraft:dark_oak_planks":1,"minecraft:white_wool":18,"minecraft:bone":8,"minecraft:moss_carpet":2,"minecraft:kelp":1,"minecraft:sugar_cane":2,"minecraft:cobbled_deepslate":3,"minecraft:tuff":1,"minecraft:birch_sapling":1,"minecraft:rotten_flesh":14,"minecraft:light_gray_wool":2,"minecraft:oak_planks":37,"minecraft:iron_boots":2,"minecraft:filled_map":2,"minecraft:leather_chestplate":2,"minecraft:shield":1,"minecraft:peony":1,"minecraft:iron_chestplate":2,"minecraft:charcoal":2,"minecraft:andesite":3,"minecraft:oak_sapling":8,"minecraft:carved_pumpkin":4,"minecraft:arrow":8,"minecraft:bow":2,"minecraft:stone_pickaxe":1,"minecraft:wooden_pickaxe":2},"minecraft:mined":{"minecraft:dark_oak_planks":1,"minecraft:tuff":8,"minecraft:deepslate_diamond_ore":14,"minecraft:brewing_stand":1,"minecraft:obsidian":9,"minecraft:carved_pumpkin":13,"minecraft:cave_vines_plant":1,"minecraft:granite":1,"minecraft:grass_block":30,"minecraft:spruce_leaves":6,"minecraft:moss_block":1,"minecraft:sandstone":30,"minecraft:spawner":1,"minecraft:furnace":8,"minecraft:iron_ore":88,"minecraft:cobbled_deepslate":6,"minecraft:andesite":4,"minecraft:pumpkin":9,"minecraft:deepslate_lapis_ore":13,"minecraft:peony":1,"minecraft:enchanting_table":2,"minecraft:potatoes":15,"minecraft:oak_sign":1,"minecraft:deepslate_iron_ore":65,"minecraft:packed_ice":2,"minecraft:stone":117,"minecraft:smithing_table":1,"minecraft:crafting_table":17,"minecraft:blast_furnace":3,"minecraft:emerald_ore":1,"minecraft:campfire":1,"minecraft:tall_grass":8,"minecraft:cobblestone":4,"minecraft:deepslate_gold_ore":77,"minecraft:lapis_ore":8,"minecraft:grindstone":1,"minecraft:oak_planks":4,"minecraft:sugar_cane":47,"minecraft:diorite":2,"minecraft:wall_torch":1,"minecraft:spruce_stairs":2,"minecraft:birch_planks":8,"minecraft:birch_log":95,"minecraft:birch_leaves":2,"minecraft:light_gray_wool":2,"minecraft:yellow_bed":9,"minecraft:grass":52,"minecraft:coal_ore":103,"minecraft:oak_log":93,"minecraft:dirt":15,"minecraft:sand":6,"minecraft:gold_ore":4,"minecraft:oak_leaves":5,"minecraft:deepslate":82},"minecraft:crafted":{"minecraft:wooden_sword":1,"minecraft:oak_planks":228,"minecraft:oak_sign":3,"minecraft:furnace":3,"minecraft:bookshelf":9,"minecraft:cooked_mutton":32,"minecraft:bow":1,"minecraft:iron_boots":3,"minecraft:iron_axe":4,"minecraft:stone_pickaxe":2,"minecraft:chest":2,"minecraft:cooked_beef":118,"minecraft:arrow":16,"minecraft:cooked_porkchop":50,"minecraft:diamond_axe":1,"minecraft:crafting_table":4,"minecraft:enchanting_table":1,"minecraft:wooden_pickaxe":1,"minecraft:iron_helmet":3,"minecraft:bucket":5,"minecraft:birch_planks":100,"minecraft:stone_axe":2,"minecraft:air":0,"minecraft:oak_boat":1,"minecraft:iron_chestplate":3,"minecraft:book":29,"minecraft:paper":93,"minecraft:diamond_pickaxe":2,"minecraft:shield":3,"minecraft:stick":40,"minecraft:iron_ingot":76,"minecraft:iron_pickaxe":2,"minecraft:wooden_axe":1,"minecraft:stone_sword":1,"minecraft:iron_leggings":3,"minecraft:gold_ingot":50,"minecraft:torch":56,"minecraft:shears":1}},"DataVersion":3465}