{"stats":{"minecraft:picked_up":{"minecraft:birch_log":6,"minecraft:crafting_table":7,"minecraft:leather":15,"minecraft:filled_map":1,"minecraft:oak_log":55,"minecraft:yellow_bed":2,"minecraft:gunpowder":2,"minecraft:string":3,"minecraft:dirt":51,"minecraft:bone":8,"minecraft:kelp":1,"minecraft:bow":1,"minecraft:wheat_seeds":7,"minecraft:iron_ingot":8,"minecraft:beef":35,"minecraft:oak_boat":2,"minecraft:iron_nugget":6,"minecraft:iron_sword":1,"minecraft:sugar_cane":59,"minecraft:oak_planks":78,"minecraft:furnace":4,"minecraft:stick":8,"minecraft:raw_iron":14,"minecraft:sandstone":28,"minecraft:pumpkin":9,"minecraft:porkchop":15,"minecraft:sand":5,"minecraft:pumpkin_seeds":36,"minecraft:arrow":8,"minecraft:rotten_flesh":3,"minecraft:cooked_cod":6,"minecraft:granite":1,"minecraft:carved_pumpkin":15,"minecraft:oak_sapling":6,"minecraft:black_wool":1,"minecraft:mutton":15,"minecraft:coal":49,"minecraft:white_wool":8,"minecraft:cobblestone":79},"minecraft:crafted":{"minecraft:cooked_beef":11,"minecraft:wooden_sword":1,"minecraft:oak_planks":132,"minecraft:oak_sign":3,"minecraft:cooked_porkchop":15,"minecraft:crafting_table":1,"minecraft:wooden_pickaxe":1,"minecraft:furnace":2,"minecraft:birch_planks":24,"minecraft:stone_axe":2,"minecraft:cooked_mutton":4,"minecraft:air":0,"minecraft:oak_boat":1,"minecraft:iron_chestplate":1,"minecraft:iron_boots":1,"minecraft:shield":1,"minecraft:stick":24,"minecraft:iron_ingot":7,"minecraft:stone_pickaxe":2,"minecraft:wooden_axe":1,"minecraft:stone_sword":1,"minecraft:chest":1,"minecraft:torch":56,"minecraft:shears":1},"minecraft:dropped":{"minecraft:kelp":1,"minecraft:birch_planks":19,"minecraft:wheat_seeds":6,"minecraft:oak_log":22,"minecraft:feather":4,"minecraft:rotten_flesh":3,"minecraft:oak_planks":31,"minecraft:granite":1,"minecraft:filled_map":2,"minecraft:oak_sapling":6,"minecraft:carved_pumpkin":3,"minecraft:wooden_pickaxe":1},"minecraft:custom":{"minecraft:interact_with_furnace":24,"minecraft:mob_kills":52,"minecraft:interact_with_crafting_table":25,"minecraft:bell_ring":17,"minecraft:leave_game":4,"minecraft:time_since_death":89211,"minecraft:sleep_in_bed":1,"minecraft:climb_one_cm":592,"minecraft:time_since_rest":25138,"minecraft:sprint_one_cm":245852,"minecraft:damage_taken":1431,"minecraft:walk_one_cm":128450,"minecraft:damage_blocked_by_shield":30,"minecraft:drop":18,"minecraft:damage_dealt":6992,"minecraft:swim_one_cm":39699,"minecraft:talked_to_villager":1,"minecraft:fly_one_cm":629227,"minecraft:open_chest":11,"minecraft:crouch_one_cm":8248,"minecraft:play_time":89211,"minecraft:sneak_time":3153,"minecraft:walk_under_water_one_cm":11296,"minecraft:boat_one_cm":291194,"minecraft:jump":2436,"minecraft:walk_on_water_one_cm":15372,"minecraft:total_world_time":89211,"minecraft:fall_one_cm":52708},"minecraft:used":{"minecraft:cooked_mutton":4,"minecraft:stone_sword":3,"minecraft:carved_pumpkin":7,"minecraft:stone_pickaxe":141,"minecraft:oak_planks":2,"minecraft:oak_sign":3,"minecraft:shield":1,"minecraft:chest":1,"minecraft:wooden_pickaxe":56,"minecraft:iron_sword":51,"minecraft:torch":24,"minecraft:dirt":48,"minecraft:sand":1,"minecraft:mutton":2,"minecraft:crafting_table":8,"minecraft:shears":9,"minecraft:wooden_axe":39,"minecraft:stone_axe":25,"minecraft:wooden_sword":55,"minecraft:cobblestone":4,"minecraft:cooked_porkchop":5,"minecraft:furnace":5,"minecraft:cooked_cod":6,"minecraft:yellow_bed":1,"minecraft:oak_boat":3,"minecraft:cooked_beef":10,"minecraft:pumpkin":9},"minecraft:mined":{"minecraft:carved_pumpkin":13,"minecraft:crafting_table":7,"minecraft:granite":1,"minecraft:grass_block":22,"minecraft:sugar_cane":28,"minecraft:sandstone":30,"minecraft:furnace":4,"minecraft:birch_log":6,"minecraft:iron_ore":14,"minecraft:birch_leaves":1,"minecraft:pumpkin":9,"minecraft:yellow_bed":2,"minecraft:grass":19,"minecraft:oak_log":29,"minecraft:coal_ore":49,"minecraft:dirt":8,"minecraft:sand":6,"minecraft:stone":83,"minecraft:oak_leaves":4},"minecraft:killed":{"minecraft:pig":6,"minecraft:spider":6,"minecraft:creeper":1,"minecraft:skeleton":2,"minecraft:sheep":9,"minecraft:zombie":7,"minecraft:drowned":3,"minecraft:cow":18},"minecraft:broken":{"minecraft:stone_pickaxe":1,"minecraft:iron_sword":1,"minecraft:wooden_axe":1}},"DataVersion":3465}