{"stats":{"minecraft:crafted":{"minecraft:wooden_sword":1,"minecraft:oak_planks":188,"minecraft:oak_sign":3,"minecraft:furnace":2,"minecraft:bookshelf":9,"minecraft:cooked_mutton":23,"minecraft:iron_boots":2,"minecraft:iron_axe":2,"minecraft:stone_pickaxe":2,"minecraft:chest":2,"minecraft:cooked_beef":67,"minecraft:arrow":16,"minecraft:cooked_porkchop":40,"minecraft:crafting_table":3,"minecraft:enchanting_table":1,"minecraft:wooden_pickaxe":1,"minecraft:iron_helmet":2,"minecraft:bucket":3,"minecraft:birch_planks":96,"minecraft:stone_axe":2,"minecraft:air":0,"minecraft:oak_boat":1,"minecraft:iron_chestplate":2,"minecraft:book":29,"minecraft:paper":93,"minecraft:diamond_pickaxe":1,"minecraft:shield":2,"minecraft:stick":24,"minecraft:iron_ingot":62,"minecraft:iron_pickaxe":1,"minecraft:wooden_axe":1,"minecraft:stone_sword":1,"minecraft:iron_leggings":2,"minecraft:torch":56,"minecraft:shears":1},"minecraft:mined":{"minecraft:tuff":1,"minecraft:deepslate_diamond_ore":11,"minecraft:brewing_stand":1,"minecraft:carved_pumpkin":13,"minecraft:obsidian":9,"minecraft:cave_vines_plant":1,"minecraft:granite":1,"minecraft:grass_block":26,"minecraft:moss_block":1,"minecraft:sandstone":30,"minecraft:furnace":7,"minecraft:iron_ore":61,"minecraft:cobbled_deepslate":2,"minecraft:andesite":3,"minecraft:pumpkin":9,"minecraft:deepslate_lapis_ore":2,"minecraft:peony":1,"minecraft:deepslate_iron_ore":2,"minecraft:stone":93,"minecraft:smithing_table":1,"minecraft:crafting_table":12,"minecraft:campfire":1,"minecraft:tall_grass":4,"minecraft:cobblestone":4,"minecraft:lapis_ore":5,"minecraft:deepslate_gold_ore":47,"minecraft:grindstone":1,"minecraft:sugar_cane":45,"minecraft:oak_planks":2,"minecraft:diorite":2,"minecraft:wall_torch":1,"minecraft:birch_planks":8,"minecraft:birch_log":94,"minecraft:birch_leaves":2,"minecraft:light_gray_wool":2,"minecraft:yellow_bed":6,"minecraft:grass":44,"minecraft:oak_log":93,"minecraft:coal_ore":75,"minecraft:sand":6,"minecraft:dirt":10,"minecraft:gold_ore":4,"minecraft:oak_leaves":5,"minecraft:deepslate":26},"minecraft:killed":{"minecraft:cave_spider":2,"minecraft:spider":10,"minecraft:slime":12,"minecraft:skeleton":21,"minecraft:drowned":3,"minecraft:pig":20,"minecraft:zombie_villager":1,"minecraft:creeper":2,"minecraft:sheep":21,"minecraft:zombie":34,"minecraft:cow":38},"minecraft:killed_by":{"minecraft:skeleton":2},"minecraft:used":{"minecraft:stone_sword":144,"minecraft:enchanting_table":1,"minecraft:carved_pumpkin":7,"minecraft:tropical_fish":8,"minecraft:oak_sign":3,"minecraft:chest":2,"minecraft:shield":43,"minecraft:iron_sword":51,"minecraft:torch":58,"minecraft:dirt":50,"minecraft:mutton":2,"minecraft:axolotl_bucket":4,"minecraft:wooden_axe":39,"minecraft:lava_bucket":5,"minecraft:bookshelf":9,"minecraft:iron_axe":193,"minecraft:light_gray_wool":2,"minecraft:bow":2,"minecraft:furnace":8,"minecraft:cooked_cod":6,"minecraft:cooked_beef":22,"minecraft:cobbled_deepslate":8,"minecraft:pumpkin":9,"minecraft:cooked_mutton":23,"minecraft:water_bucket":22,"minecraft:birch_planks":36,"minecraft:stone_pickaxe":192,"minecraft:oak_planks":2,"minecraft:wooden_pickaxe":56,"minecraft:golden_apple":1,"minecraft:glow_berries":1,"minecraft:sand":1,"minecraft:crafting_table":13,"minecraft:shears":9,"minecraft:diamond_pickaxe":14,"minecraft:iron_pickaxe":149,"minecraft:bread":23,"minecraft:stone_axe":187,"minecraft:wooden_sword":55,"minecraft:cobblestone":59,"minecraft:grindstone":1,"minecraft:cooked_porkchop":19,"minecraft:bucket":34,"minecraft:yellow_bed":6,"minecraft:oak_boat":3},"minecraft:dropped":{"minecraft:iron_ingot":1,"minecraft:moss_block":1,"minecraft:birch_planks":19,"minecraft:wheat_seeds":8,"minecraft:oak_log":22,"minecraft:cooked_porkchop":11,"minecraft:feather":4,"minecraft:granite":1,"minecraft:dirt":8,"minecraft:diorite":7,"minecraft:wooden_sword":1,"minecraft:bone_meal":1,"minecraft:axolotl_bucket":1,"minecraft:sand":4,"minecraft:iron_axe":1,"minecraft:string":1,"minecraft:white_wool":2,"minecraft:moss_carpet":2,"minecraft:kelp":1,"minecraft:cobbled_deepslate":3,"minecraft:birch_sapling":1,"minecraft:rotten_flesh":3,"minecraft:light_gray_wool":2,"minecraft:oak_planks":37,"minecraft:iron_boots":1,"minecraft:filled_map":2,"minecraft:leather_chestplate":1,"minecraft:shield":1,"minecraft:peony":1,"minecraft:iron_chestplate":1,"minecraft:charcoal":2,"minecraft:andesite":3,"minecraft:oak_sapling":8,"minecraft:carved_pumpkin":4,"minecraft:bow":2,"minecraft:wooden_pickaxe":1},"minecraft:picked_up":{"minecraft:charcoal":2,"minecraft:crafting_table":14,"minecraft:iron_chestplate":1,"minecraft:smithing_table":1,"minecraft:brewing_stand":2,"minecraft:shield":1,"minecraft:string":14,"minecraft:moss_carpet":2,"minecraft:iron_axe":1,"minecraft:iron_leggings":1,"minecraft:cobbled_deepslate":62,"minecraft:beef":76,"minecraft:oak_boat":2,"minecraft:iron_nugget":6,"minecraft:light_gray_wool":4,"minecraft:iron_pickaxe":1,"minecraft:sugar_cane":96,"minecraft:birch_sapling":1,"minecraft:iron_boots":1,"minecraft:furnace":8,"minecraft:stick":12,"minecraft:raw_iron":63,"minecraft:sandstone":28,"minecraft:torch":2,"minecraft:porkchop":42,"minecraft:diorite":7,"minecraft:carrot":2,"minecraft:arrow":38,"minecraft:rotten_flesh":54,"minecraft:cooked_cod":6,"minecraft:tropical_fish":8,"minecraft:peony":1,"minecraft:shears":1,"minecraft:carved_pumpkin":15,"minecraft:obsidian":9,"minecraft:glow_berries":1,"minecraft:mutton":37,"minecraft:white_wool":18,"minecraft:cobblestone":95,"minecraft:birch_log":88,"minecraft:cooked_beef":7,"minecraft:water_bucket":1,"minecraft:andesite":3,"minecraft:leather":33,"minecraft:filled_map":1,"minecraft:birch_planks":8,"minecraft:tuff":2,"minecraft:oak_log":118,"minecraft:yellow_bed":7,"minecraft:gunpowder":2,"minecraft:lapis_lazuli":46,"minecraft:dirt":58,"minecraft:name_tag":1,"minecraft:bone":35,"minecraft:kelp":1,"minecraft:bow":6,"minecraft:wheat_seeds":13,"minecraft:raw_gold":79,"minecraft:iron_ingot":21,"minecraft:grindstone":1,"minecraft:moss_block":1,"minecraft:iron_sword":1,"minecraft:oak_planks":103,"minecraft:book":14,"minecraft:cooked_porkchop":26,"minecraft:pumpkin":9,"minecraft:lava_bucket":1,"minecraft:sand":5,"minecraft:pumpkin_seeds":36,"minecraft:slime_ball":20,"minecraft:diamond":21,"minecraft:iron_helmet":1,"minecraft:granite":1,"minecraft:bone_meal":1,"minecraft:bread":2,"minecraft:oak_sapling":8,"minecraft:black_wool":1,"minecraft:coal":75},"minecraft:broken":{"minecraft:stone_sword":1,"minecraft:stone_pickaxe":1,"minecraft:stone_axe":1,"minecraft:iron_sword":1,"minecraft:wooden_axe":1},"minecraft:custom":{"minecraft:mob_kills":168,"minecraft:interact_with_crafting_table":77,"minecraft:bell_ring":19,"minecraft:leave_game":7,"minecraft:time_since_death":28497,"minecraft:climb_one_cm":1286,"minecraft:sprint_one_cm":829671,"minecraft:walk_one_cm":392906,"minecraft:damage_blocked_by_shield":2760,"minecraft:drop":60,"minecraft:talked_to_villager":2,"minecraft:play_time":308224,"minecraft:sneak_time":6517,"minecraft:deaths":2,"minecraft:walk_under_water_one_cm":24563,"minecraft:boat_one_cm":291194,"minecraft:jump":6988,"minecraft:walk_on_water_one_cm":49343,"minecraft:enchant_item":4,"minecraft:total_world_time":308224,"minecraft:interact_with_furnace":105,"minecraft:traded_with_villager":1,"minecraft:interact_with_grindstone":2,"minecraft:sleep_in_bed":6,"minecraft:time_since_rest":16244,"minecraft:damage_taken":5850,"minecraft:damage_absorbed":40,"minecraft:damage_dealt":23234,"minecraft:swim_one_cm":69380,"minecraft:fly_one_cm":1645132,"minecraft:open_chest":108,"minecraft:crouch_one_cm":14889,"minecraft:fall_one_cm":173517}},"DataVersion":3465}