{"stats":{"minecraft:dropped":{"minecraft:enchanted_book":1,"minecraft:stone_hoe":1,"minecraft:water_bucket":1,"minecraft:iron_ingot":18,"minecraft:bread":51,"minecraft:iron_sword":1,"minecraft:wheat_seeds":14,"minecraft:cooked_beef":1,"minecraft:baked_potato":2,"minecraft:crafting_table":1,"minecraft:cooked_porkchop":1,"minecraft:poisonous_potato":1,"minecraft:iron_helmet":1,"minecraft:granite":5,"minecraft:saddle":1,"minecraft:golden_apple":1,"minecraft:pufferfish":12,"minecraft:cod":11,"minecraft:oxeye_daisy":5,"minecraft:lava_bucket":1,"minecraft:dirt":27,"minecraft:ink_sac":3,"minecraft:torch":25,"minecraft:cooked_cod":15,"minecraft:cooked_salmon":2,"minecraft:iron_leggings":1,"minecraft:bone_meal":2,"minecraft:iron_pickaxe":1,"minecraft:string":1,"minecraft:tripwire_hook":1,"minecraft:dandelion":1,"minecraft:bone":7,"minecraft:oak_door":2,"minecraft:gravel":1,"minecraft:cobbled_deepslate":4,"minecraft:wheat":1,"minecraft:obsidian":1,"minecraft:raw_iron":7,"minecraft:rotten_flesh":45,"minecraft:iron_boots":1,"minecraft:name_tag":1,"minecraft:azure_bluet":1,"minecraft:nether_bricks":33,"minecraft:poppy":2,"minecraft:carved_pumpkin":1,"minecraft:spider_eye":3,"minecraft:bow":4,"minecraft:beef":3},"minecraft:broken":{"minecraft:iron_shovel":3,"minecraft:iron_boots":1,"minecraft:stone_hoe":1,"minecraft:wooden_pickaxe":1,"minecraft:shield":5,"minecraft:iron_sword":3,"minecraft:iron_pickaxe":8,"minecraft:iron_helmet":2,"minecraft:iron_hoe":1},"minecraft:custom":{"minecraft:interact_with_anvil":8,"minecraft:mob_kills":304,"minecraft:animals_bred":2,"minecraft:interact_with_crafting_table":108,"minecraft:bell_ring":24,"minecraft:leave_game":19,"minecraft:time_since_death":334713,"minecraft:climb_one_cm":1555,"minecraft:sprint_one_cm":1394297,"minecraft:damage_blocked_by_shield":16942,"minecraft:walk_one_cm":1285191,"minecraft:drop":88,"minecraft:talked_to_villager":4,"minecraft:play_time":610481,"minecraft:sneak_time":22670,"minecraft:deaths":7,"minecraft:walk_under_water_one_cm":111028,"minecraft:boat_one_cm":32028,"minecraft:jump":12042,"minecraft:walk_on_water_one_cm":86105,"minecraft:enchant_item":7,"minecraft:total_world_time":610481,"minecraft:interact_with_furnace":189,"minecraft:interact_with_cartography_table":1,"minecraft:raid_trigger":1,"minecraft:interact_with_stonecutter":4,"minecraft:interact_with_grindstone":1,"minecraft:sleep_in_bed":16,"minecraft:time_since_rest":35704,"minecraft:damage_taken":14354,"minecraft:damage_absorbed":20,"minecraft:damage_dealt":45219,"minecraft:swim_one_cm":407819,"minecraft:fly_one_cm":2516447,"minecraft:open_chest":206,"minecraft:crouch_one_cm":50938,"minecraft:fish_caught":189,"minecraft:interact_with_smithing_table":3,"minecraft:fall_one_cm":339444,"minecraft:horse_one_cm":245175},"minecraft:picked_up":{"minecraft:fishing_rod":5,"minecraft:iron_chestplate":5,"minecraft:crafting_table":6,"minecraft:azure_bluet":1,"minecraft:wheat":25,"minecraft:chainmail_boots":1,"minecraft:smithing_table":1,"minecraft:lead":6,"minecraft:wooden_pickaxe":1,"minecraft:enchanted_book":4,"minecraft:potion":2,"minecraft:shield":5,"minecraft:string":103,"minecraft:raw_copper":14,"minecraft:iron_leggings":6,"minecraft:pufferfish":32,"minecraft:iron_shovel":1,"minecraft:cobbled_deepslate":306,"minecraft:beef":19,"minecraft:oak_boat":2,"minecraft:poppy":2,"minecraft:iron_pickaxe":12,"minecraft:sugar_cane":10,"minecraft:chest":1,"minecraft:egg":2,"minecraft:iron_boots":6,"minecraft:furnace":2,"minecraft:raw_iron":306,"minecraft:stick":9,"minecraft:oak_door":3,"minecraft:oak_fence":8,"minecraft:torch":5,"minecraft:bowl":2,"minecraft:porkchop":13,"minecraft:diorite":23,"minecraft:carrot":137,"minecraft:redstone":42,"minecraft:arrow":78,"minecraft:rotten_flesh":221,"minecraft:tropical_fish":3,"minecraft:nether_bricks":33,"minecraft:shears":1,"minecraft:hay_block":22,"minecraft:carved_pumpkin":1,"minecraft:saddle":2,"minecraft:oxeye_daisy":6,"minecraft:obsidian":1,"minecraft:cod":121,"minecraft:white_wool":10,"minecraft:cobblestone":948,"minecraft:nautilus_shell":2,"minecraft:cooked_beef":7,"minecraft:andesite":31,"minecraft:tripwire_hook":2,"minecraft:water_bucket":1,"minecraft:salmon":50,"minecraft:leather":14,"minecraft:golden_leggings":1,"minecraft:potato":793,"minecraft:tuff":25,"minecraft:oak_log":96,"minecraft:lily_pad":2,"minecraft:golden_boots":1,"minecraft:cobblestone_wall":1,"minecraft:gunpowder":13,"minecraft:lapis_lazuli":49,"minecraft:dirt":1088,"minecraft:white_banner":2,"minecraft:name_tag":7,"minecraft:leather_boots":1,"minecraft:bone":67,"minecraft:apple":1,"minecraft:kelp":5,"minecraft:bow":8,"minecraft:stonecutter":1,"minecraft:wheat_seeds":100,"minecraft:raw_gold":165,"minecraft:cobbled_deepslate_slab":4,"minecraft:iron_ingot":35,"minecraft:oak_planks":101,"minecraft:iron_sword":5,"minecraft:stone_hoe":2,"minecraft:cooked_porkchop":12,"minecraft:sweet_berries":14,"minecraft:dandelion":2,"minecraft:raw_iron_block":1,"minecraft:poisonous_potato":1,"minecraft:gravel":15,"minecraft:sand":98,"minecraft:ink_sac":8,"minecraft:white_bed":3,"minecraft:spider_eye":10,"minecraft:mossy_cobblestone":36,"minecraft:diamond":41,"minecraft:stone_axe":3,"minecraft:iron_helmet":7,"minecraft:granite":16,"minecraft:bone_meal":4,"minecraft:golden_apple":2,"minecraft:bread":77,"minecraft:oak_sapling":8,"minecraft:coal":151},"minecraft:killed_by":{"minecraft:creeper":2,"minecraft:skeleton":1,"minecraft:witch":1,"minecraft:zombie":2},"minecraft:killed":{"minecraft:spider":25,"minecraft:cod":13,"minecraft:skeleton":63,"minecraft:skeleton_horse":1,"minecraft:pig":6,"minecraft:zombie_villager":3,"minecraft:salmon":2,"minecraft:creeper":11,"minecraft:trader_llama":1,"minecraft:pillager":3,"minecraft:zombie":155,"minecraft:cow":8},"minecraft:crafted":{"minecraft:oak_door":9,"minecraft:oak_planks":384,"minecraft:raw_iron":9,"minecraft:fishing_rod":5,"minecraft:furnace":7,"minecraft:bone_meal":75,"minecraft:flint_and_steel":1,"minecraft:glass_pane":80,"minecraft:glass":93,"minecraft:diamond_leggings":1,"minecraft:iron_boots":1,"minecraft:iron_hoe":1,"minecraft:chest":5,"minecraft:diamond_boots":1,"minecraft:stone_hoe":2,"minecraft:oak_fence":90,"minecraft:wheat":198,"minecraft:cooked_beef":13,"minecraft:cooked_cod":61,"minecraft:diamond_sword":1,"minecraft:cooked_porkchop":13,"minecraft:crafting_table":6,"minecraft:iron_helmet":1,"minecraft:baked_potato":177,"minecraft:iron_sword":5,"minecraft:smithing_table":1,"minecraft:cooked_salmon":28,"minecraft:bucket":4,"minecraft:stone_axe":1,"minecraft:bread":72,"minecraft:air":0,"minecraft:oak_fence_gate":1,"minecraft:oak_boat":1,"minecraft:iron_chestplate":1,"minecraft:diamond_pickaxe":1,"minecraft:shield":8,"minecraft:stick":132,"minecraft:iron_ingot":182,"minecraft:iron_pickaxe":10,"minecraft:iron_shovel":3,"minecraft:iron_leggings":1,"minecraft:gold_ingot":92,"minecraft:white_bed":1,"minecraft:torch":24,"minecraft:shears":1,"minecraft:diamond_chestplate":1},"minecraft:mined":{"minecraft:tuff":5,"minecraft:white_bed":2,"minecraft:oak_sapling":1,"minecraft:mossy_cobblestone":35,"minecraft:deepslate_diamond_ore":20,"minecraft:obsidian":1,"minecraft:glow_lichen":2,"minecraft:nether_bricks":38,"minecraft:granite":15,"minecraft:grass_block":460,"minecraft:spruce_leaves":2,"minecraft:kelp":2,"minecraft:oxeye_daisy":1,"minecraft:hay_block":24,"minecraft:raw_iron_block":1,"minecraft:carrots":26,"minecraft:furnace":2,"minecraft:iron_ore":146,"minecraft:cobbled_deepslate":30,"minecraft:andesite":31,"minecraft:deepslate_lapis_ore":6,"minecraft:potatoes":256,"minecraft:deepslate_iron_ore":139,"minecraft:flowering_azalea_leaves":1,"minecraft:stone":853,"minecraft:white_banner":1,"minecraft:smithing_table":1,"minecraft:deepslate_redstone_ore":9,"minecraft:glass_pane":4,"minecraft:kelp_plant":8,"minecraft:dandelion":2,"minecraft:oak_fence":8,"minecraft:crafting_table":5,"minecraft:copper_ore":5,"minecraft:tall_grass":20,"minecraft:cobblestone":88,"minecraft:deepslate_coal_ore":5,"minecraft:deepslate_gold_ore":92,"minecraft:lapis_ore":4,"minecraft:oak_planks":3,"minecraft:sugar_cane":6,"minecraft:wall_torch":1,"minecraft:diorite":23,"minecraft:cobblestone_wall":3,"minecraft:wheat":27,"minecraft:grass":132,"minecraft:coal_ore":118,"minecraft:oak_log":95,"minecraft:gravel":13,"minecraft:sand":101,"minecraft:dirt":318,"minecraft:cobweb":27,"minecraft:stonecutter":1,"minecraft:gold_ore":4,"minecraft:oak_leaves":34,"minecraft:deepslate":204,"minecraft:diamond_ore":5},"minecraft:used":{"minecraft:iron_shovel":765,"minecraft:chest":6,"minecraft:shield":238,"minecraft:iron_sword":995,"minecraft:cooked_salmon":26,"minecraft:rotten_flesh":34,"minecraft:stone_hoe":159,"minecraft:oak_door":7,"minecraft:iron_chestplate":1,"minecraft:torch":2,"minecraft:dirt":879,"minecraft:wheat":5,"minecraft:cobblestone_wall":22,"minecraft:carrot":116,"minecraft:oak_fence_gate":1,"minecraft:granite":8,"minecraft:iron_hoe":251,"minecraft:iron_helmet":2,"minecraft:iron_boots":1,"minecraft:bow":75,"minecraft:sweet_berries":18,"minecraft:oak_sapling":8,"minecraft:furnace":8,"minecraft:cooked_cod":31,"minecraft:egg":2,"minecraft:potato":625,"minecraft:cooked_beef":17,"minecraft:cobbled_deepslate":200,"minecraft:iron_leggings":1,"minecraft:wheat_seeds":60,"minecraft:water_bucket":35,"minecraft:diorite":13,"minecraft:baked_potato":68,"minecraft:oak_planks":22,"minecraft:wooden_pickaxe":1,"minecraft:stonecutter":1,"minecraft:golden_apple":1,"minecraft:mossy_cobblestone":36,"minecraft:sand":2,"minecraft:crafting_table":9,"minecraft:white_bed":4,"minecraft:cod":5,"minecraft:diamond_pickaxe":1,"minecraft:apple":1,"minecraft:bread":42,"minecraft:iron_pickaxe":1900,"minecraft:gravel":3,"minecraft:stone_axe":108,"minecraft:fishing_rod":262,"minecraft:cobblestone":456,"minecraft:white_banner":1,"minecraft:smithing_table":1,"minecraft:cooked_porkchop":17,"minecraft:andesite":27,"minecraft:bucket":38,"minecraft:glass_pane":54,"minecraft:oak_boat":2,"minecraft:oak_fence":93,"minecraft:bone_meal":77}},"DataVersion":3465}