{"stats":{"minecraft:picked_up":{"minecraft:chiseled_deepslate":1,"minecraft:iron_chestplate":6,"minecraft:wheat":25,"minecraft:chainmail_boots":1,"minecraft:anvil":2,"minecraft:smithing_table":1,"minecraft:stone_slab":1,"minecraft:lead":6,"minecraft:potion":5,"minecraft:enchanted_book":13,"minecraft:stone_brick_stairs":8,"minecraft:string":122,"minecraft:raw_copper":39,"minecraft:smooth_stone_slab":1,"minecraft:iron_leggings":7,"minecraft:pufferfish":73,"minecraft:cobbled_deepslate":648,"minecraft:smooth_stone":2,"minecraft:iron_pickaxe":15,"minecraft:furnace":12,"minecraft:iron_boots":6,"minecraft:golden_helmet":2,"minecraft:stick":113,"minecraft:composter":1,"minecraft:oak_fence":8,"minecraft:torch":6,"minecraft:porkchop":13,"minecraft:diorite":58,"minecraft:cauldron":9,"minecraft:rotten_flesh":374,"minecraft:tropical_fish":9,"minecraft:carved_pumpkin":1,"minecraft:obsidian":1,"minecraft:cod":310,"minecraft:cobblestone":1515,"minecraft:nautilus_shell":11,"minecraft:leather_chestplate":1,"minecraft:feather":2,"minecraft:cooked_beef":7,"minecraft:iron_door":1,"minecraft:water_bucket":2,"minecraft:andesite":74,"minecraft:golden_leggings":1,"minecraft:potato":1771,"minecraft:tuff":36,"minecraft:lapis_lazuli":112,"minecraft:dirt":1198,"minecraft:name_tag":17,"minecraft:leather_boots":4,"minecraft:bone":106,"minecraft:stonecutter":1,"minecraft:bow":22,"minecraft:wheat_seeds":133,"minecraft:raw_gold":188,"minecraft:cobbled_deepslate_slab":4,"minecraft:stone_hoe":2,"minecraft:oak_planks":123,"minecraft:cooked_porkchop":12,"minecraft:poisonous_potato":6,"minecraft:sand":345,"minecraft:ink_sac":9,"minecraft:mossy_cobblestone":36,"minecraft:diamond":76,"minecraft:granite":16,"minecraft:bone_meal":8,"minecraft:golden_apple":4,"minecraft:emerald":3,"minecraft:bread":77,"minecraft:oak_sapling":151,"minecraft:fishing_rod":12,"minecraft:crafting_table":7,"minecraft:azure_bluet":5,"minecraft:chicken":1,"minecraft:leather_leggings":1,"minecraft:wooden_pickaxe":1,"minecraft:shield":6,"minecraft:cornflower":3,"minecraft:flint_and_steel":1,"minecraft:iron_shovel":1,"minecraft:beef":19,"minecraft:oak_boat":2,"minecraft:poppy":9,"minecraft:lectern":10,"minecraft:chest":1,"minecraft:sugar_cane":123,"minecraft:egg":2,"minecraft:raw_iron":553,"minecraft:sandstone":2,"minecraft:stone":18,"minecraft:oak_door":3,"minecraft:bowl":8,"minecraft:carrot":137,"minecraft:redstone":42,"minecraft:dark_oak_planks":2,"minecraft:arrow":117,"minecraft:cooked_cod":8,"minecraft:pumpkin_pie":1,"minecraft:nether_bricks":33,"minecraft:shears":1,"minecraft:hay_block":22,"minecraft:saddle":9,"minecraft:white_wool":24,"minecraft:oxeye_daisy":18,"minecraft:tripwire_hook":6,"minecraft:salmon":128,"minecraft:leather":15,"minecraft:birch_planks":1,"minecraft:oak_log":606,"minecraft:lily_pad":10,"minecraft:golden_boots":1,"minecraft:cobblestone_wall":1,"minecraft:gunpowder":23,"minecraft:white_banner":2,"minecraft:apple":19,"minecraft:stone_bricks":1,"minecraft:kelp":5,"minecraft:iron_ingot":35,"minecraft:iron_sword":6,"minecraft:sweet_berries":14,"minecraft:dandelion":28,"minecraft:raw_iron_block":1,"minecraft:gravel":23,"minecraft:amethyst_shard":4,"minecraft:white_bed":3,"minecraft:spider_eye":12,"minecraft:stone_axe":3,"minecraft:iron_helmet":7,"minecraft:baked_potato":29,"minecraft:coal":714},"minecraft:custom":{"minecraft:animals_bred":2,"minecraft:interact_with_crafting_table":177,"minecraft:bell_ring":50,"minecraft:leave_game":35,"minecraft:time_since_death":497738,"minecraft:sprint_one_cm":2518433,"minecraft:damage_blocked_by_shield":23377,"minecraft:drop":140,"minecraft:talked_to_villager":29,"minecraft:play_time":1140233,"minecraft:deaths":8,"minecraft:jump":19488,"minecraft:walk_on_water_one_cm":151271,"minecraft:enchant_item":10,"minecraft:interact_with_furnace":334,"minecraft:interact_with_cartography_table":1,"minecraft:sleep_in_bed":35,"minecraft:damage_dealt":74932,"minecraft:crouch_one_cm":72636,"minecraft:interact_with_smoker":11,"minecraft:interact_with_smithing_table":6,"minecraft:horse_one_cm":245175,"minecraft:interact_with_anvil":25,"minecraft:mob_kills":508,"minecraft:climb_one_cm":2281,"minecraft:walk_one_cm":2037970,"minecraft:sneak_time":35622,"minecraft:walk_under_water_one_cm":163879,"minecraft:boat_one_cm":47632,"minecraft:interact_with_blast_furnace":29,"minecraft:total_world_time":1140233,"minecraft:raid_trigger":1,"minecraft:interact_with_grindstone":16,"minecraft:interact_with_stonecutter":16,"minecraft:time_since_rest":15550,"minecraft:damage_taken":21874,"minecraft:damage_absorbed":20,"minecraft:swim_one_cm":528666,"minecraft:fly_one_cm":4485148,"minecraft:open_chest":556,"minecraft:fish_caught":504,"minecraft:fall_one_cm":534660},"minecraft:killed_by":{"minecraft:creeper":3,"minecraft:witch":1,"minecraft:zombie":2,"minecraft:skeleton":1},"minecraft:used":{"minecraft:chiseled_deepslate":1,"minecraft:iron_shovel":765,"minecraft:poppy":7,"minecraft:chest":39,"minecraft:shield":315,"minecraft:iron_sword":1651,"minecraft:rotten_flesh":34,"minecraft:iron_chestplate":1,"minecraft:carrot":116,"minecraft:azure_bluet":4,"minecraft:lava_bucket":1,"minecraft:iron_helmet":2,"minecraft:stone_brick_stairs":131,"minecraft:stone_bricks":1,"minecraft:bow":120,"minecraft:sweet_berries":18,"minecraft:oak_sapling":151,"minecraft:furnace":25,"minecraft:cooked_cod":31,"minecraft:egg":2,"minecraft:potato":1056,"minecraft:diorite":40,"minecraft:oak_planks":78,"minecraft:lily_pad":1,"minecraft:wooden_pickaxe":1,"minecraft:composter":1,"minecraft:sugar_cane":105,"minecraft:golden_apple":1,"minecraft:sand":67,"minecraft:blast_furnace":4,"minecraft:bread":43,"minecraft:lectern":10,"minecraft:iron_door":3,"minecraft:deepslate":1,"minecraft:gravel":3,"minecraft:diamond_sword":2,"minecraft:grindstone":1,"minecraft:smithing_table":2,"minecraft:andesite":64,"minecraft:oak_boat":3,"minecraft:bone_meal":77,"minecraft:oak_fence":93,"minecraft:iron_bars":4,"minecraft:armor_stand":1,"minecraft:stone_shovel":393,"minecraft:cooked_salmon":26,"minecraft:stone_hoe":159,"minecraft:oak_door":7,"minecraft:torch":3,"minecraft:dirt":954,"minecraft:anvil":2,"minecraft:wheat":5,"minecraft:cobblestone_wall":22,"minecraft:golden_shovel":28,"minecraft:granite":8,"minecraft:oak_fence_gate":1,"minecraft:iron_hoe":487,"minecraft:iron_axe":551,"minecraft:iron_boots":1,"minecraft:cooked_beef":17,"minecraft:cobbled_deepslate":325,"minecraft:iron_leggings":1,"minecraft:wheat_seeds":82,"minecraft:water_bucket":120,"minecraft:baked_potato":255,"minecraft:cauldron":6,"minecraft:stonecutter":1,"minecraft:mossy_cobblestone":36,"minecraft:crafting_table":13,"minecraft:white_bed":4,"minecraft:cod":5,"minecraft:smoker":4,"minecraft:oak_log":1,"minecraft:cornflower":3,"minecraft:diamond_pickaxe":262,"minecraft:apple":2,"minecraft:oxeye_daisy":8,"minecraft:oak_button":2,"minecraft:iron_pickaxe":3245,"minecraft:stone_axe":108,"minecraft:fishing_rod":713,"minecraft:cobblestone":660,"minecraft:white_banner":1,"minecraft:cooked_porkchop":17,"minecraft:bucket":125,"minecraft:glass_pane":54,"minecraft:pumpkin_pie":1,"minecraft:dandelion":19,"minecraft:smooth_stone":2},"minecraft:broken":{"minecraft:iron_shovel":3,"minecraft:iron_boots":2,"minecraft:iron_sword":5,"minecraft:stone_shovel":3,"minecraft:iron_hoe":1,"minecraft:stone_hoe":1,"minecraft:wooden_pickaxe":1,"minecraft:shield":7,"minecraft:iron_axe":2,"minecraft:iron_pickaxe":13,"minecraft:iron_helmet":3},"minecraft:killed":{"minecraft:witch":2,"minecraft:spider":41,"minecraft:cod":13,"minecraft:skeleton":92,"minecraft:chicken":1,"minecraft:skeleton_horse":1,"minecraft:pig":6,"minecraft:zombie_villager":5,"minecraft:salmon":4,"minecraft:creeper":18,"minecraft:trader_llama":1,"minecraft:pillager":3,"minecraft:zombie":282,"minecraft:cow":8,"minecraft:drowned":2,"minecraft:bat":1,"minecraft:squid":1},"minecraft:dropped":{"minecraft:iron_sword":1,"minecraft:birch_planks":1,"minecraft:cooked_beef":1,"minecraft:baked_potato":2,"minecraft:crafting_table":1,"minecraft:cooked_porkchop":1,"minecraft:leather":10,"minecraft:saddle":1,"minecraft:cod":11,"minecraft:dirt":27,"minecraft:cooked_cod":24,"minecraft:bone_meal":2,"minecraft:sand":182,"minecraft:iron_pickaxe":2,"minecraft:white_wool":2,"minecraft:bone":7,"minecraft:oak_door":2,"minecraft:gravel":2,"minecraft:sugar_cane":6,"minecraft:cobbled_deepslate":4,"minecraft:wheat":1,"minecraft:obsidian":1,"minecraft:rotten_flesh":80,"minecraft:azure_bluet":1,"minecraft:poppy":2,"minecraft:gunpowder":2,"minecraft:leather_boots":2,"minecraft:leather_leggings":1,"minecraft:beef":3,"minecraft:water_bucket":1,"minecraft:stone_hoe":1,"minecraft:enchanted_book":4,"minecraft:iron_ingot":18,"minecraft:bread":51,"minecraft:wheat_seeds":25,"minecraft:poisonous_potato":6,"minecraft:iron_helmet":1,"minecraft:granite":5,"minecraft:tropical_fish":2,"minecraft:golden_apple":1,"minecraft:pufferfish":16,"minecraft:oxeye_daisy":9,"minecraft:lava_bucket":1,"minecraft:ink_sac":3,"minecraft:torch":25,"minecraft:cooked_salmon":4,"minecraft:iron_leggings":1,"minecraft:string":6,"minecraft:tripwire_hook":4,"minecraft:dandelion":7,"minecraft:smooth_stone_slab":1,"minecraft:bowl":2,"minecraft:raw_iron":7,"minecraft:iron_boots":1,"minecraft:name_tag":1,"minecraft:nether_bricks":33,"minecraft:shears":1,"minecraft:carved_pumpkin":1,"minecraft:spider_eye":5,"minecraft:sandstone":2,"minecraft:bow":7,"minecraft:nautilus_shell":2},"minecraft:mined":{"minecraft:dark_oak_planks":2,"minecraft:white_bed":2,"minecraft:oak_sapling":3,"minecraft:farmland":8,"minecraft:obsidian":1,"minecraft:granite":16,"minecraft:grass_block":487,"minecraft:composter":1,"minecraft:oxeye_daisy":6,"minecraft:smooth_stone":2,"minecraft:tall_seagrass":1,"minecraft:raw_iron_block":1,"minecraft:iron_ore":239,"minecraft:cobbled_deepslate":89,"minecraft:deepslate_lapis_ore":8,"minecraft:anvil":1,"minecraft:azure_bluet":4,"minecraft:water_cauldron":5,"minecraft:flowering_azalea_leaves":1,"minecraft:white_banner":1,"minecraft:deepslate_redstone_ore":9,"minecraft:kelp_plant":8,"minecraft:amethyst_cluster":1,"minecraft:torch":1,"minecraft:poppy":6,"minecraft:cobblestone":157,"minecraft:sugar_cane":85,"minecraft:oak_planks":27,"minecraft:iron_door":1,"minecraft:wall_torch":1,"minecraft:cauldron":4,"minecraft:wheat":27,"minecraft:stone_brick_stairs":8,"minecraft:grass":293,"minecraft:oak_log":607,"minecraft:sand":473,"minecraft:dirt":403,"minecraft:stonecutter":1,"minecraft:oak_leaves":102,"minecraft:deepslate":467,"minecraft:diamond_ore":5,"minecraft:tuff":18,"minecraft:mossy_cobblestone":35,"minecraft:deepslate_diamond_ore":38,"minecraft:glow_lichen":2,"minecraft:nether_bricks":38,"minecraft:spruce_leaves":2,"minecraft:kelp":2,"minecraft:sandstone":2,"minecraft:hay_block":24,"minecraft:furnace":12,"minecraft:carrots":26,"minecraft:andesite":74,"minecraft:chiseled_deepslate":1,"minecraft:potatoes":533,"minecraft:deepslate_iron_ore":181,"minecraft:stone":1297,"minecraft:smithing_table":1,"minecraft:glass_pane":4,"minecraft:dandelion":22,"minecraft:oak_fence":8,"minecraft:crafting_table":6,"minecraft:cornflower":3,"minecraft:emerald_ore":2,"minecraft:lectern":10,"minecraft:tall_grass":56,"minecraft:copper_ore":13,"minecraft:deepslate_coal_ore":5,"minecraft:lapis_ore":6,"minecraft:deepslate_gold_ore":114,"minecraft:lily_pad":2,"minecraft:diorite":58,"minecraft:cobblestone_wall":3,"minecraft:birch_leaves":1,"minecraft:coal_ore":497,"minecraft:gravel":19,"minecraft:cobweb":27,"minecraft:stone_bricks":1,"minecraft:gold_ore":4},"minecraft:crafted":{"minecraft:grindstone":1,"minecraft:smooth_stone":15,"minecraft:oak_planks":976,"minecraft:stone":320,"minecraft:bookshelf":1,"minecraft:iron_bars":16,"minecraft:glass":93,"minecraft:diamond_helmet":1,"minecraft:diamond_leggings":1,"minecraft:iron_boots":2,"minecraft:chest":42,"minecraft:iron_door":3,"minecraft:oak_button":2,"minecraft:stone_hoe":2,"minecraft:stone_bricks":1,"minecraft:oak_fence":90,"minecraft:smoker":4,"minecraft:oak_slab":6,"minecraft:deepslate":5,"minecraft:cooked_porkchop":13,"minecraft:crafting_table":8,"minecraft:iron_helmet":2,"minecraft:baked_potato":579,"minecraft:smithing_table":1,"minecraft:copper_ingot":14,"minecraft:lectern":1,"minecraft:iron_chestplate":2,"minecraft:book":4,"minecraft:paper":12,"minecraft:diamond_pickaxe":1,"minecraft:chiseled_deepslate":1,"minecraft:shield":10,"minecraft:stick":164,"minecraft:stone_slab":2,"minecraft:iron_ingot":441,"minecraft:iron_pickaxe":16,"minecraft:iron_block":3,"minecraft:gold_ingot":118,"minecraft:shears":2,"minecraft:oak_door":9,"minecraft:raw_iron":9,"minecraft:stone_shovel":4,"minecraft:fishing_rod":5,"minecraft:smooth_stone_slab":2,"minecraft:furnace":24,"minecraft:blast_furnace":4,"minecraft:bone_meal":78,"minecraft:glass_pane":80,"minecraft:flint_and_steel":1,"minecraft:iron_axe":3,"minecraft:iron_hoe":2,"minecraft:diamond_boots":1,"minecraft:wheat":198,"minecraft:cooked_beef":13,"minecraft:cooked_cod":222,"minecraft:diamond_sword":1,"minecraft:iron_sword":7,"minecraft:cooked_salmon":97,"minecraft:bucket":4,"minecraft:stone_axe":1,"minecraft:bread":73,"minecraft:air":0,"minecraft:oak_fence_gate":1,"minecraft:oak_boat":2,"minecraft:iron_shovel":3,"minecraft:iron_leggings":2,"minecraft:armor_stand":1,"minecraft:anvil":1,"minecraft:white_bed":1,"minecraft:torch":24,"minecraft:diamond_chestplate":1}},"DataVersion":3465}