{"stats":{"minecraft:crafted":{"minecraft:oak_planks":60,"minecraft:shield":1,"minecraft:stick":8,"minecraft:iron_pickaxe":2,"minecraft:iron_sword":1,"minecraft:bread":18,"minecraft:wheat":54},"minecraft:picked_up":{"minecraft:raw_iron":19,"minecraft:stick":1,"minecraft:iron_chestplate":1,"minecraft:sweet_berries":14,"minecraft:potato":4,"minecraft:oak_log":15,"minecraft:carrot":48,"minecraft:spider_eye":1,"minecraft:dirt":2,"minecraft:iron_leggings":1,"minecraft:rotten_flesh":6,"minecraft:wheat_seeds":6,"minecraft:raw_gold":1,"minecraft:hay_block":6,"minecraft:iron_helmet":1,"minecraft:iron_ingot":14,"minecraft:iron_boots":1},"minecraft:used":{"minecraft:bread":1,"minecraft:iron_pickaxe":20,"minecraft:iron_helmet":1,"minecraft:shield":4,"minecraft:iron_sword":16,"minecraft:iron_boots":1,"minecraft:iron_chestplate":1,"minecraft:dirt":2,"minecraft:sweet_berries":18,"minecraft:carrot":21,"minecraft:iron_leggings":1},"minecraft:custom":{"minecraft:time_since_rest":20731,"minecraft:sprint_one_cm":78513,"minecraft:damage_taken":706,"minecraft:walk_one_cm":32300,"minecraft:damage_blocked_by_shield":180,"minecraft:mob_kills":6,"minecraft:damage_dealt":778,"minecraft:interact_with_crafting_table":1,"minecraft:swim_one_cm":106478,"minecraft:talked_to_villager":1,"minecraft:fly_one_cm":138053,"minecraft:crouch_one_cm":352,"minecraft:play_time":28240,"minecraft:deaths":2,"minecraft:sneak_time":1153,"minecraft:walk_under_water_one_cm":8849,"minecraft:jump":644,"minecraft:leave_game":1,"minecraft:time_since_death":20698,"minecraft:walk_on_water_one_cm":4632,"minecraft:total_world_time":28240,"minecraft:fall_one_cm":16897},"minecraft:mined":{"minecraft:hay_block":8,"minecraft:carrots":14,"minecraft:kelp_plant":1,"minecraft:glow_lichen":1,"minecraft:grass_block":1,"minecraft:potatoes":1,"minecraft:oak_log":15,"minecraft:deepslate_iron_ore":20,"minecraft:dirt":1,"minecraft:spruce_leaves":2,"minecraft:oak_leaves":8},"minecraft:killed":{"minecraft:zombie":5,"minecraft:zombie_villager":1},"minecraft:killed_by":{"minecraft:zombie":1}},"DataVersion":3465}