{"stats":{"minecraft:picked_up":{"minecraft:iron_chestplate":6,"minecraft:wheat":25,"minecraft:chainmail_boots":1,"minecraft:anvil":1,"minecraft:smithing_table":1,"minecraft:lead":6,"minecraft:potion":4,"minecraft:enchanted_book":10,"minecraft:string":111,"minecraft:raw_copper":14,"minecraft:iron_leggings":7,"minecraft:pufferfish":39,"minecraft:cobbled_deepslate":619,"minecraft:iron_pickaxe":15,"minecraft:iron_boots":6,"minecraft:furnace":2,"minecraft:golden_helmet":1,"minecraft:stick":15,"minecraft:composter":1,"minecraft:oak_fence":8,"minecraft:torch":5,"minecraft:porkchop":13,"minecraft:diorite":45,"minecraft:rotten_flesh":347,"minecraft:tropical_fish":6,"minecraft:carved_pumpkin":1,"minecraft:obsidian":1,"minecraft:cod":181,"minecraft:cobblestone":1194,"minecraft:nautilus_shell":4,"minecraft:leather_chestplate":1,"minecraft:feather":2,"minecraft:cooked_beef":7,"minecraft:water_bucket":2,"minecraft:andesite":69,"minecraft:golden_leggings":1,"minecraft:potato":794,"minecraft:tuff":35,"minecraft:lapis_lazuli":58,"minecraft:dirt":1097,"minecraft:name_tag":8,"minecraft:leather_boots":3,"minecraft:bone":87,"minecraft:stonecutter":1,"minecraft:bow":13,"minecraft:wheat_seeds":101,"minecraft:raw_gold":184,"minecraft:cobbled_deepslate_slab":4,"minecraft:stone_hoe":2,"minecraft:oak_planks":101,"minecraft:cooked_porkchop":12,"minecraft:poisonous_potato":1,"minecraft:sand":345,"minecraft:ink_sac":9,"minecraft:mossy_cobblestone":36,"minecraft:diamond":74,"minecraft:granite":16,"minecraft:bone_meal":4,"minecraft:golden_apple":4,"minecraft:bread":77,"minecraft:oak_sapling":8,"minecraft:fishing_rod":6,"minecraft:crafting_table":6,"minecraft:azure_bluet":1,"minecraft:chicken":1,"minecraft:leather_leggings":1,"minecraft:wooden_pickaxe":1,"minecraft:shield":6,"minecraft:flint_and_steel":1,"minecraft:iron_shovel":1,"minecraft:beef":19,"minecraft:oak_boat":2,"minecraft:poppy":4,"minecraft:chest":1,"minecraft:sugar_cane":34,"minecraft:egg":2,"minecraft:raw_iron":337,"minecraft:sandstone":2,"minecraft:oak_door":3,"minecraft:bowl":7,"minecraft:carrot":137,"minecraft:redstone":42,"minecraft:dark_oak_planks":2,"minecraft:arrow":100,"minecraft:cooked_cod":8,"minecraft:pumpkin_pie":1,"minecraft:nether_bricks":33,"minecraft:shears":1,"minecraft:hay_block":22,"minecraft:saddle":5,"minecraft:white_wool":24,"minecraft:oxeye_daisy":8,"minecraft:tripwire_hook":5,"minecraft:salmon":72,"minecraft:leather":14,"minecraft:oak_log":102,"minecraft:lily_pad":6,"minecraft:golden_boots":1,"minecraft:gunpowder":19,"minecraft:cobblestone_wall":1,"minecraft:white_banner":2,"minecraft:apple":3,"minecraft:kelp":5,"minecraft:iron_ingot":35,"minecraft:iron_sword":6,"minecraft:sweet_berries":14,"minecraft:dandelion":3,"minecraft:raw_iron_block":1,"minecraft:gravel":21,"minecraft:amethyst_shard":4,"minecraft:white_bed":3,"minecraft:spider_eye":11,"minecraft:stone_axe":3,"minecraft:iron_helmet":7,"minecraft:baked_potato":29,"minecraft:coal":429},"minecraft:killed_by":{"minecraft:creeper":3,"minecraft:witch":1,"minecraft:zombie":2,"minecraft:skeleton":1},"minecraft:mined":{"minecraft:dark_oak_planks":2,"minecraft:white_bed":2,"minecraft:oak_sapling":1,"minecraft:obsidian":1,"minecraft:granite":16,"minecraft:grass_block":462,"minecraft:composter":1,"minecraft:oxeye_daisy":2,"minecraft:raw_iron_block":1,"minecraft:iron_ore":156,"minecraft:cobbled_deepslate":76,"minecraft:deepslate_lapis_ore":6,"minecraft:flowering_azalea_leaves":1,"minecraft:white_banner":1,"minecraft:deepslate_redstone_ore":9,"minecraft:kelp_plant":8,"minecraft:amethyst_cluster":1,"minecraft:poppy":1,"minecraft:cobblestone":150,"minecraft:sugar_cane":13,"minecraft:oak_planks":3,"minecraft:wall_torch":1,"minecraft:wheat":27,"minecraft:grass":135,"minecraft:oak_log":101,"minecraft:sand":473,"minecraft:dirt":323,"minecraft:stonecutter":1,"minecraft:oak_leaves":35,"minecraft:deepslate":457,"minecraft:diamond_ore":5,"minecraft:tuff":17,"minecraft:mossy_cobblestone":35,"minecraft:deepslate_diamond_ore":37,"minecraft:glow_lichen":2,"minecraft:nether_bricks":38,"minecraft:spruce_leaves":2,"minecraft:kelp":2,"minecraft:sandstone":2,"minecraft:hay_block":24,"minecraft:furnace":2,"minecraft:carrots":26,"minecraft:andesite":69,"minecraft:potatoes":256,"minecraft:deepslate_iron_ore":158,"minecraft:stone":956,"minecraft:smithing_table":1,"minecraft:glass_pane":4,"minecraft:dandelion":3,"minecraft:oak_fence":8,"minecraft:crafting_table":5,"minecraft:tall_grass":21,"minecraft:copper_ore":5,"minecraft:deepslate_coal_ore":5,"minecraft:lapis_ore":4,"minecraft:deepslate_gold_ore":112,"minecraft:lily_pad":1,"minecraft:diorite":45,"minecraft:cobblestone_wall":3,"minecraft:birch_leaves":1,"minecraft:coal_ore":357,"minecraft:gravel":17,"minecraft:cobweb":27,"minecraft:gold_ore":4},"minecraft:custom":{"minecraft:animals_bred":2,"minecraft:interact_with_crafting_table":135,"minecraft:bell_ring":24,"minecraft:leave_game":27,"minecraft:time_since_death":194109,"minecraft:sprint_one_cm":1768564,"minecraft:damage_blocked_by_shield":20182,"minecraft:drop":119,"minecraft:talked_to_villager":11,"minecraft:play_time":836604,"minecraft:deaths":8,"minecraft:jump":16010,"minecraft:walk_on_water_one_cm":127784,"minecraft:enchant_item":7,"minecraft:interact_with_furnace":242,"minecraft:interact_with_cartography_table":1,"minecraft:sleep_in_bed":20,"minecraft:damage_dealt":64205,"minecraft:crouch_one_cm":61360,"minecraft:horse_one_cm":245175,"minecraft:interact_with_smithing_table":4,"minecraft:mob_kills":425,"minecraft:interact_with_anvil":18,"minecraft:climb_one_cm":2281,"minecraft:walk_one_cm":1548727,"minecraft:sneak_time":31783,"minecraft:walk_under_water_one_cm":154533,"minecraft:boat_one_cm":47632,"minecraft:total_world_time":836604,"minecraft:raid_trigger":1,"minecraft:interact_with_grindstone":1,"minecraft:interact_with_stonecutter":5,"minecraft:time_since_rest":37782,"minecraft:damage_taken":18517,"minecraft:damage_absorbed":20,"minecraft:swim_one_cm":503551,"minecraft:fly_one_cm":3797473,"minecraft:open_chest":290,"minecraft:fish_caught":281,"minecraft:fall_one_cm":446877},"minecraft:used":{"minecraft:iron_shovel":765,"minecraft:poppy":2,"minecraft:chest":9,"minecraft:shield":266,"minecraft:iron_sword":1416,"minecraft:rotten_flesh":34,"minecraft:iron_chestplate":1,"minecraft:carrot":116,"minecraft:iron_helmet":2,"minecraft:bow":95,"minecraft:sweet_berries":18,"minecraft:furnace":8,"minecraft:oak_sapling":8,"minecraft:cooked_cod":31,"minecraft:egg":2,"minecraft:potato":626,"minecraft:diorite":35,"minecraft:oak_planks":43,"minecraft:wooden_pickaxe":1,"minecraft:composter":1,"minecraft:sugar_cane":16,"minecraft:golden_apple":1,"minecraft:sand":67,"minecraft:bread":43,"minecraft:gravel":3,"minecraft:diamond_sword":2,"minecraft:smithing_table":1,"minecraft:andesite":64,"minecraft:oak_boat":3,"minecraft:bone_meal":77,"minecraft:oak_fence":93,"minecraft:stone_shovel":341,"minecraft:cooked_salmon":26,"minecraft:stone_hoe":159,"minecraft:oak_door":7,"minecraft:torch":2,"minecraft:dirt":886,"minecraft:anvil":1,"minecraft:wheat":5,"minecraft:cobblestone_wall":22,"minecraft:golden_shovel":28,"minecraft:granite":8,"minecraft:oak_fence_gate":1,"minecraft:iron_hoe":362,"minecraft:iron_boots":1,"minecraft:cooked_beef":17,"minecraft:cobbled_deepslate":307,"minecraft:iron_leggings":1,"minecraft:wheat_seeds":60,"minecraft:water_bucket":87,"minecraft:baked_potato":160,"minecraft:stonecutter":1,"minecraft:mossy_cobblestone":36,"minecraft:crafting_table":11,"minecraft:white_bed":4,"minecraft:cod":5,"minecraft:diamond_pickaxe":1,"minecraft:apple":2,"minecraft:oxeye_daisy":2,"minecraft:iron_pickaxe":2791,"minecraft:stone_axe":108,"minecraft:fishing_rod":405,"minecraft:cobblestone":581,"minecraft:white_banner":1,"minecraft:cooked_porkchop":17,"minecraft:bucket":91,"minecraft:glass_pane":54,"minecraft:pumpkin_pie":1},"minecraft:crafted":{"minecraft:oak_planks":408,"minecraft:glass":93,"minecraft:diamond_helmet":1,"minecraft:diamond_leggings":1,"minecraft:iron_boots":2,"minecraft:chest":8,"minecraft:stone_hoe":2,"minecraft:oak_fence":90,"minecraft:cooked_porkchop":13,"minecraft:crafting_table":8,"minecraft:iron_helmet":2,"minecraft:baked_potato":195,"minecraft:smithing_table":1,"minecraft:iron_chestplate":2,"minecraft:book":4,"minecraft:paper":12,"minecraft:diamond_pickaxe":1,"minecraft:shield":8,"minecraft:stick":148,"minecraft:iron_ingot":214,"minecraft:iron_pickaxe":12,"minecraft:iron_block":3,"minecraft:gold_ingot":108,"minecraft:shears":2,"minecraft:oak_door":9,"minecraft:raw_iron":9,"minecraft:stone_shovel":4,"minecraft:fishing_rod":5,"minecraft:furnace":7,"minecraft:bone_meal":78,"minecraft:glass_pane":80,"minecraft:flint_and_steel":1,"minecraft:iron_hoe":2,"minecraft:diamond_boots":1,"minecraft:wheat":198,"minecraft:cooked_beef":13,"minecraft:cooked_cod":93,"minecraft:diamond_sword":1,"minecraft:iron_sword":6,"minecraft:cooked_salmon":50,"minecraft:bucket":4,"minecraft:stone_axe":1,"minecraft:bread":73,"minecraft:air":0,"minecraft:oak_fence_gate":1,"minecraft:oak_boat":2,"minecraft:iron_shovel":3,"minecraft:iron_leggings":2,"minecraft:anvil":1,"minecraft:white_bed":1,"minecraft:torch":24,"minecraft:diamond_chestplate":1},"minecraft:killed":{"minecraft:witch":2,"minecraft:spider":33,"minecraft:cod":13,"minecraft:skeleton":75,"minecraft:chicken":1,"minecraft:skeleton_horse":1,"minecraft:pig":6,"minecraft:zombie_villager":4,"minecraft:salmon":4,"minecraft:creeper":16,"minecraft:trader_llama":1,"minecraft:pillager":3,"minecraft:zombie":235,"minecraft:cow":8,"minecraft:drowned":2,"minecraft:squid":1},"minecraft:dropped":{"minecraft:iron_sword":1,"minecraft:cooked_beef":1,"minecraft:baked_potato":2,"minecraft:crafting_table":1,"minecraft:cooked_porkchop":1,"minecraft:saddle":1,"minecraft:cod":11,"minecraft:dirt":27,"minecraft:cooked_cod":24,"minecraft:bone_meal":2,"minecraft:sand":182,"minecraft:iron_pickaxe":1,"minecraft:white_wool":2,"minecraft:bone":7,"minecraft:oak_door":2,"minecraft:gravel":2,"minecraft:sugar_cane":6,"minecraft:cobbled_deepslate":4,"minecraft:wheat":1,"minecraft:obsidian":1,"minecraft:rotten_flesh":64,"minecraft:azure_bluet":1,"minecraft:poppy":2,"minecraft:gunpowder":2,"minecraft:leather_boots":2,"minecraft:beef":3,"minecraft:stone_hoe":1,"minecraft:enchanted_book":4,"minecraft:water_bucket":1,"minecraft:iron_ingot":18,"minecraft:bread":51,"minecraft:wheat_seeds":15,"minecraft:poisonous_potato":1,"minecraft:iron_helmet":1,"minecraft:granite":5,"minecraft:tropical_fish":1,"minecraft:golden_apple":1,"minecraft:pufferfish":16,"minecraft:oxeye_daisy":5,"minecraft:lava_bucket":1,"minecraft:ink_sac":3,"minecraft:torch":25,"minecraft:cooked_salmon":4,"minecraft:iron_leggings":1,"minecraft:string":6,"minecraft:tripwire_hook":4,"minecraft:dandelion":1,"minecraft:bowl":2,"minecraft:raw_iron":7,"minecraft:iron_boots":1,"minecraft:name_tag":1,"minecraft:nether_bricks":33,"minecraft:shears":1,"minecraft:carved_pumpkin":1,"minecraft:spider_eye":4,"minecraft:sandstone":2,"minecraft:bow":5,"minecraft:nautilus_shell":2},"minecraft:broken":{"minecraft:iron_shovel":3,"minecraft:iron_boots":2,"minecraft:iron_sword":4,"minecraft:stone_shovel":2,"minecraft:iron_hoe":1,"minecraft:stone_hoe":1,"minecraft:wooden_pickaxe":1,"minecraft:shield":6,"minecraft:iron_pickaxe":12,"minecraft:iron_helmet":2}},"DataVersion":3465}