{"stats":{"minecraft:crafted":{"minecraft:oak_door":6,"minecraft:oak_planks":348,"minecraft:furnace":2,"minecraft:chest":2,"minecraft:stone_hoe":1,"minecraft:wheat":198,"minecraft:crafting_table":4,"minecraft:iron_sword":1,"minecraft:smithing_table":1,"minecraft:bucket":1,"minecraft:stone_axe":1,"minecraft:bread":71,"minecraft:air":0,"minecraft:shield":4,"minecraft:stick":16,"minecraft:iron_ingot":31,"minecraft:iron_pickaxe":5,"minecraft:iron_shovel":1,"minecraft:gold_ingot":14,"minecraft:white_bed":1,"minecraft:shears":1},"minecraft:mined":{"minecraft:diamond_ore":5,"minecraft:white_bed":2,"minecraft:oak_sapling":1,"minecraft:glow_lichen":1,"minecraft:grass_block":70,"minecraft:spruce_leaves":2,"minecraft:hay_block":24,"minecraft:carrots":14,"minecraft:iron_ore":47,"minecraft:cobbled_deepslate":19,"minecraft:andesite":26,"minecraft:potatoes":1,"minecraft:deepslate_iron_ore":37,"minecraft:white_banner":1,"minecraft:stone":238,"minecraft:smithing_table":1,"minecraft:kelp_plant":1,"minecraft:crafting_table":2,"minecraft:cobblestone":3,"minecraft:tall_grass":5,"minecraft:copper_ore":1,"minecraft:deepslate_gold_ore":22,"minecraft:diorite":1,"minecraft:cobblestone_wall":3,"minecraft:wheat":16,"minecraft:grass":24,"minecraft:coal_ore":53,"minecraft:oak_log":95,"minecraft:gravel":1,"minecraft:dirt":87,"minecraft:stonecutter":1,"minecraft:oak_leaves":30,"minecraft:deepslate":64},"minecraft:killed":{"minecraft:spider":7,"minecraft:skeleton":5,"minecraft:zombie_villager":1,"minecraft:trader_llama":1,"minecraft:zombie":16,"minecraft:cow":1},"minecraft:killed_by":{"minecraft:creeper":1,"minecraft:witch":1,"minecraft:zombie":1},"minecraft:used":{"minecraft:iron_shovel":154,"minecraft:chest":2,"minecraft:shield":51,"minecraft:iron_sword":139,"minecraft:stone_hoe":7,"minecraft:iron_chestplate":1,"minecraft:oak_door":5,"minecraft:dirt":148,"minecraft:cobblestone_wall":22,"minecraft:carrot":69,"minecraft:granite":1,"minecraft:iron_helmet":1,"minecraft:iron_boots":1,"minecraft:sweet_berries":18,"minecraft:oak_sapling":8,"minecraft:furnace":2,"minecraft:potato":4,"minecraft:cobbled_deepslate":64,"minecraft:iron_leggings":1,"minecraft:wheat_seeds":33,"minecraft:water_bucket":3,"minecraft:oak_planks":18,"minecraft:stonecutter":1,"minecraft:crafting_table":6,"minecraft:white_bed":4,"minecraft:apple":1,"minecraft:bread":36,"minecraft:iron_pickaxe":522,"minecraft:stone_axe":96,"minecraft:cobblestone":192,"minecraft:smithing_table":1,"minecraft:bucket":4,"minecraft:andesite":25},"minecraft:dropped":{"minecraft:iron_ingot":1,"minecraft:bread":51,"minecraft:wheat_seeds":6,"minecraft:dirt":13,"minecraft:iron_pickaxe":1,"minecraft:string":1,"minecraft:oak_door":2,"minecraft:gravel":1,"minecraft:raw_iron":7,"minecraft:rotten_flesh":24,"minecraft:carved_pumpkin":1,"minecraft:spider_eye":1,"minecraft:beef":3},"minecraft:picked_up":{"minecraft:iron_chestplate":3,"minecraft:crafting_table":2,"minecraft:wheat":16,"minecraft:smithing_table":1,"minecraft:lead":1,"minecraft:shield":2,"minecraft:string":6,"minecraft:raw_copper":3,"minecraft:iron_leggings":3,"minecraft:iron_shovel":1,"minecraft:cobbled_deepslate":122,"minecraft:beef":6,"minecraft:iron_pickaxe":5,"minecraft:iron_boots":3,"minecraft:stick":7,"minecraft:raw_iron":97,"minecraft:oak_door":3,"minecraft:torch":2,"minecraft:diorite":1,"minecraft:carrot":99,"minecraft:arrow":6,"minecraft:rotten_flesh":47,"minecraft:shears":1,"minecraft:hay_block":22,"minecraft:carved_pumpkin":1,"minecraft:cobblestone":241,"minecraft:white_wool":10,"minecraft:andesite":25,"minecraft:potato":12,"minecraft:oak_log":95,"minecraft:cobblestone_wall":1,"minecraft:dirt":264,"minecraft:white_banner":1,"minecraft:bone":4,"minecraft:apple":1,"minecraft:bow":1,"minecraft:stonecutter":1,"minecraft:wheat_seeds":49,"minecraft:raw_gold":51,"minecraft:iron_ingot":20,"minecraft:oak_planks":56,"minecraft:iron_sword":2,"minecraft:sweet_berries":14,"minecraft:gravel":2,"minecraft:white_bed":3,"minecraft:spider_eye":3,"minecraft:diamond":10,"minecraft:iron_helmet":3,"minecraft:granite":1,"minecraft:bread":77,"minecraft:oak_sapling":8,"minecraft:coal":60},"minecraft:broken":{"minecraft:shield":1,"minecraft:iron_pickaxe":2},"minecraft:custom":{"minecraft:interact_with_smithing_table":1,"minecraft:mob_kills":31,"minecraft:interact_with_crafting_table":27,"minecraft:bell_ring":2,"minecraft:leave_game":6,"minecraft:time_since_death":67780,"minecraft:climb_one_cm":1555,"minecraft:sprint_one_cm":329268,"minecraft:walk_one_cm":226186,"minecraft:damage_blocked_by_shield":3405,"minecraft:drop":22,"minecraft:talked_to_villager":4,"minecraft:play_time":132112,"minecraft:deaths":4,"minecraft:sneak_time":8326,"minecraft:walk_under_water_one_cm":22056,"minecraft:jump":3124,"minecraft:walk_on_water_one_cm":17735,"minecraft:total_world_time":132112,"minecraft:interact_with_furnace":19,"minecraft:interact_with_cartography_table":1,"minecraft:interact_with_stonecutter":2,"minecraft:sleep_in_bed":3,"minecraft:time_since_rest":35850,"minecraft:damage_taken":3510,"minecraft:damage_dealt":6037,"minecraft:swim_one_cm":228887,"minecraft:fly_one_cm":651747,"minecraft:open_chest":17,"minecraft:crouch_one_cm":22823,"minecraft:fall_one_cm":86428}},"DataVersion":3465}