{"stats":{"minecraft:picked_up":{"minecraft:salmon":4,"minecraft:sand":16,"minecraft:oak_log":11,"minecraft:dirt":7,"minecraft:white_banner":2,"minecraft:bone":2,"minecraft:arrow":2,"minecraft:oak_sapling":2,"minecraft:cod":3,"minecraft:mutton":1,"minecraft:cobblestone":13,"minecraft:white_wool":1,"minecraft:egg":1},"minecraft:custom":{"minecraft:time_since_rest":31967,"minecraft:interact_with_furnace":4,"minecraft:sprint_one_cm":41798,"minecraft:damage_taken":305,"minecraft:walk_one_cm":33424,"minecraft:mob_kills":12,"minecraft:drop":2,"minecraft:damage_dealt":566,"minecraft:swim_one_cm":38899,"minecraft:interact_with_crafting_table":5,"minecraft:fly_one_cm":86224,"minecraft:open_chest":1,"minecraft:crouch_one_cm":1195,"minecraft:play_time":31967,"minecraft:sneak_time":601,"minecraft:walk_under_water_one_cm":17453,"minecraft:jump":428,"minecraft:leave_game":1,"minecraft:time_since_death":31967,"minecraft:walk_on_water_one_cm":6500,"minecraft:total_world_time":31967,"minecraft:fall_one_cm":9898,"minecraft:horse_one_cm":1544},"minecraft:used":{"minecraft:bread":2,"minecraft:wooden_pickaxe":17,"minecraft:cooked_salmon":3,"minecraft:wooden_sword":9,"minecraft:sand":16,"minecraft:salmon":1,"minecraft:dirt":2,"minecraft:mutton":1,"minecraft:crafting_table":2,"minecraft:goat_horn":4,"minecraft:furnace":1,"minecraft:oak_sapling":2,"minecraft:crossbow":8,"minecraft:experience_bottle":1},"minecraft:crafted":{"minecraft:cooked_cod":2,"minecraft:wooden_sword":1,"minecraft:oak_planks":44,"minecraft:crafting_table":2,"minecraft:stick":4,"minecraft:wooden_pickaxe":1,"minecraft:furnace":1,"minecraft:cooked_salmon":3,"minecraft:bread":2,"minecraft:air":0},"minecraft:mined":{"minecraft:hay_block":2,"minecraft:white_wall_banner":1,"minecraft:grass_block":2,"minecraft:oak_log":11,"minecraft:sand":8,"minecraft:dirt":5,"minecraft:stone":13,"minecraft:oak_leaves":3},"minecraft:dropped":{"minecraft:goat_horn":1,"minecraft:white_banner":1},"minecraft:killed":{"minecraft:sheep":1,"minecraft:pillager":2,"minecraft:salmon":5,"minecraft:cod":4}},"DataVersion":3465}