{"stats":{"minecraft:picked_up":{"minecraft:sand":16,"minecraft:oak_log":11,"minecraft:dirt":1,"minecraft:white_banner":2,"minecraft:bone":2,"minecraft:arrow":2,"minecraft:oak_sapling":2,"minecraft:mutton":1,"minecraft:white_wool":1,"minecraft:egg":1},"minecraft:custom":{"minecraft:time_since_rest":14928,"minecraft:sprint_one_cm":34481,"minecraft:damage_taken":285,"minecraft:walk_one_cm":29259,"minecraft:mob_kills":3,"minecraft:drop":2,"minecraft:damage_dealt":296,"minecraft:swim_one_cm":18224,"minecraft:interact_with_crafting_table":1,"minecraft:fly_one_cm":73376,"minecraft:open_chest":1,"minecraft:crouch_one_cm":1057,"minecraft:play_time":14928,"minecraft:sneak_time":353,"minecraft:walk_under_water_one_cm":4582,"minecraft:jump":338,"minecraft:walk_on_water_one_cm":2199,"minecraft:time_since_death":14928,"minecraft:total_world_time":14928,"minecraft:fall_one_cm":7346,"minecraft:horse_one_cm":1544},"minecraft:used":{"minecraft:bread":2,"minecraft:sand":9,"minecraft:crafting_table":1,"minecraft:oak_sapling":2,"minecraft:goat_horn":4,"minecraft:crossbow":8,"minecraft:experience_bottle":1},"minecraft:crafted":{"minecraft:oak_planks":20,"minecraft:crafting_table":1,"minecraft:bread":2},"minecraft:mined":{"minecraft:hay_block":2,"minecraft:white_wall_banner":1,"minecraft:grass_block":1,"minecraft:oak_log":11,"minecraft:sand":8,"minecraft:oak_leaves":2},"minecraft:dropped":{"minecraft:goat_horn":1,"minecraft:white_banner":1},"minecraft:killed":{"minecraft:sheep":1,"minecraft:pillager":2}},"DataVersion":3465}