{"stats":{"minecraft:picked_up":{"minecraft:iron_chestplate":6,"minecraft:string":17,"minecraft:iron_leggings":9,"minecraft:pufferfish":2,"minecraft:oak_sign":19,"minecraft:cobbled_deepslate":1348,"minecraft:bucket":2,"minecraft:iron_pickaxe":4,"minecraft:enchanted_golden_apple":1,"minecraft:furnace":14,"minecraft:iron_boots":6,"minecraft:stick":78,"minecraft:torch":143,"minecraft:porkchop":43,"minecraft:diorite":27,"minecraft:golden_chestplate":5,"minecraft:rotten_flesh":255,"minecraft:carved_pumpkin":2,"minecraft:blaze_rod":3,"minecraft:obsidian":22,"minecraft:cod":2,"minecraft:cobblestone":528,"minecraft:nautilus_shell":1,"minecraft:birch_log":41,"minecraft:leather_chestplate":1,"minecraft:feather":11,"minecraft:cooked_beef":34,"minecraft:water_bucket":3,"minecraft:andesite":23,"minecraft:golden_leggings":2,"minecraft:potato":250,"minecraft:flint":12,"minecraft:tuff":60,"minecraft:wither_skeleton_skull":1,"minecraft:lapis_lazuli":213,"minecraft:dirt":1238,"minecraft:name_tag":3,"minecraft:bone":204,"minecraft:bow":31,"minecraft:wheat_seeds":30,"minecraft:raw_gold":281,"minecraft:cobbled_deepslate_slab":35,"minecraft:oak_planks":105,"minecraft:cooked_porkchop":26,"minecraft:axolotl_bucket":1,"minecraft:poisonous_potato":1,"minecraft:jungle_planks":1,"minecraft:sand":121,"minecraft:mossy_cobblestone":77,"minecraft:diamond":67,"minecraft:granite":11,"minecraft:golden_apple":11,"minecraft:bread":8,"minecraft:emerald":7,"minecraft:chainmail_helmet":1,"minecraft:oak_sapling":33,"minecraft:dark_oak_fence":6,"minecraft:diamond_pickaxe":2,"minecraft:crafting_table":29,"minecraft:azure_bluet":5,"minecraft:chicken":7,"minecraft:leather_leggings":2,"minecraft:shield":7,"minecraft:iron_axe":4,"minecraft:iron_shovel":3,"minecraft:music_disc_otherside":1,"minecraft:beef":9,"minecraft:oak_boat":7,"minecraft:poppy":3,"minecraft:sugar_cane":70,"minecraft:chest":8,"minecraft:birch_sapling":7,"minecraft:egg":1,"minecraft:raw_iron":448,"minecraft:carrot":24,"minecraft:redstone":67,"minecraft:dark_oak_planks":1,"minecraft:arrow":142,"minecraft:stone_shovel":7,"minecraft:cooked_cod":10,"minecraft:beetroot_seeds":6,"minecraft:nether_bricks":2,"minecraft:gold_ingot":12,"minecraft:mutton":16,"minecraft:white_wool":9,"minecraft:oxeye_daisy":2,"minecraft:glow_ink_sac":35,"minecraft:leather":5,"minecraft:filled_map":2,"minecraft:birch_planks":23,"minecraft:oak_log":217,"minecraft:gunpowder":34,"minecraft:cooked_mutton":3,"minecraft:apple":6,"minecraft:iron_ingot":114,"minecraft:stone_pickaxe":4,"minecraft:cooked_chicken":2,"minecraft:soul_sand":6,"minecraft:iron_sword":8,"minecraft:smooth_basalt":4,"minecraft:dandelion":11,"minecraft:gravel":72,"minecraft:lava_bucket":1,"minecraft:amethyst_shard":12,"minecraft:white_bed":1,"minecraft:spider_eye":7,"minecraft:pumpkin_seeds":2,"minecraft:stone_axe":3,"minecraft:chainmail_leggings":1,"minecraft:iron_helmet":7,"minecraft:baked_potato":2,"minecraft:black_wool":1,"minecraft:coal":720},"minecraft:custom":{"minecraft:interact_with_crafting_table":114,"minecraft:bell_ring":5,"minecraft:leave_game":47,"minecraft:time_since_death":338633,"minecraft:sprint_one_cm":1386731,"minecraft:damage_blocked_by_shield":19290,"minecraft:drop":151,"minecraft:play_time":953656,"minecraft:deaths":8,"minecraft:jump":9094,"minecraft:walk_on_water_one_cm":171182,"minecraft:enchant_item":12,"minecraft:interact_with_furnace":267,"minecraft:sleep_in_bed":7,"minecraft:damage_dealt":84194,"minecraft:crouch_one_cm":304056,"minecraft:horse_one_cm":8,"minecraft:interact_with_smithing_table":9,"minecraft:mob_kills":548,"minecraft:interact_with_anvil":10,"minecraft:climb_one_cm":3376,"minecraft:walk_one_cm":1917247,"minecraft:sneak_time":92357,"minecraft:walk_under_water_one_cm":65798,"minecraft:boat_one_cm":287268,"minecraft:total_world_time":953656,"minecraft:time_since_rest":129179,"minecraft:damage_taken":12752,"minecraft:swim_one_cm":86320,"minecraft:fly_one_cm":3034998,"minecraft:open_chest":393,"minecraft:fall_one_cm":162592},"minecraft:killed_by":{"minecraft:creeper":2,"minecraft:zombie":2,"minecraft:skeleton":3,"minecraft:phantom":1},"minecraft:used":{"minecraft:iron_shovel":6,"minecraft:oak_sign":12,"minecraft:chest":7,"minecraft:shield":268,"minecraft:iron_sword":909,"minecraft:jungle_planks":1,"minecraft:carrot":54,"minecraft:tuff":28,"minecraft:axolotl_bucket":2,"minecraft:obsidian":10,"minecraft:lava_bucket":1,"minecraft:grass_block":1,"minecraft:birch_sapling":7,"minecraft:iron_helmet":2,"minecraft:bow":84,"minecraft:furnace":15,"minecraft:oak_sapling":26,"minecraft:cooked_cod":9,"minecraft:potato":58,"minecraft:diorite":5,"minecraft:oak_planks":18,"minecraft:stone_pickaxe":366,"minecraft:wooden_pickaxe":21,"minecraft:chainmail_helmet":1,"minecraft:sugar_cane":6,"minecraft:diamond_axe":11,"minecraft:golden_apple":1,"minecraft:sand":88,"minecraft:bread":14,"minecraft:gravel":19,"minecraft:diamond_sword":549,"minecraft:smithing_table":1,"minecraft:andesite":8,"minecraft:birch_log":11,"minecraft:oak_boat":1,"minecraft:oak_trapdoor":4,"minecraft:flint_and_steel":6,"minecraft:carved_pumpkin":1,"minecraft:stone_shovel":1130,"minecraft:wooden_shovel":59,"minecraft:cooked_chicken":5,"minecraft:torch":406,"minecraft:dirt":166,"minecraft:anvil":1,"minecraft:granite":1,"minecraft:dark_oak_planks":1,"minecraft:wooden_axe":41,"minecraft:iron_axe":309,"minecraft:iron_boots":1,"minecraft:cooked_beef":31,"minecraft:cobbled_deepslate":449,"minecraft:iron_leggings":2,"minecraft:cooked_mutton":11,"minecraft:water_bucket":54,"minecraft:birch_planks":6,"minecraft:glass_bottle":1,"minecraft:baked_potato":52,"minecraft:crafting_table":30,"minecraft:diamond_pickaxe":1247,"minecraft:apple":2,"minecraft:iron_pickaxe":1002,"minecraft:suspicious_stew":1,"minecraft:netherite_axe":14,"minecraft:stone_axe":88,"minecraft:cobblestone":184,"minecraft:potion":1,"minecraft:cobbled_deepslate_slab":73,"minecraft:cooked_porkchop":42,"minecraft:bucket":57,"minecraft:stripped_oak_log":5},"minecraft:broken":{"minecraft:wooden_shovel":1,"minecraft:iron_boots":1,"minecraft:stone_pickaxe":2,"minecraft:stone_axe":1,"minecraft:iron_sword":3,"minecraft:wooden_axe":1,"minecraft:bow":1,"minecraft:stone_shovel":8,"minecraft:shield":5,"minecraft:iron_axe":1,"minecraft:iron_pickaxe":4},"minecraft:killed":{"minecraft:cave_spider":1,"minecraft:spider":26,"minecraft:cod":3,"minecraft:skeleton":136,"minecraft:chicken":5,"minecraft:pig":21,"minecraft:zombie_villager":2,"minecraft:creeper":7,"minecraft:sheep":8,"minecraft:pillager":4,"minecraft:zombie":293,"minecraft:glow_squid":3,"minecraft:cow":5,"minecraft:blaze":4,"minecraft:vindicator":1,"minecraft:drowned":3,"minecraft:bat":1,"minecraft:wither_skeleton":12},"minecraft:dropped":{"minecraft:iron_sword":1,"minecraft:cooked_beef":5,"minecraft:leather":1,"minecraft:dirt":845,"minecraft:cooked_cod":8,"minecraft:birch_log":13,"minecraft:white_wool":1,"minecraft:bone":2,"minecraft:gravel":1,"minecraft:sugar_cane":1,"minecraft:iron_nugget":6,"minecraft:golden_chestplate":1,"minecraft:cobbled_deepslate":21,"minecraft:rotten_flesh":73,"minecraft:azure_bluet":1,"minecraft:carrot":2,"minecraft:leather_chestplate":1,"minecraft:gunpowder":8,"minecraft:leather_leggings":2,"minecraft:iron_ingot":22,"minecraft:bread":3,"minecraft:wheat_seeds":16,"minecraft:mossy_cobblestone":7,"minecraft:cobblestone":1,"minecraft:iron_helmet":5,"minecraft:feather":3,"minecraft:chainmail_helmet":1,"minecraft:golden_apple":2,"minecraft:diorite":2,"minecraft:potion":1,"minecraft:iron_leggings":5,"minecraft:iron_axe":1,"minecraft:iron_shovel":1,"minecraft:paper":1,"minecraft:string":6,"minecraft:smooth_basalt":4,"minecraft:stone_sword":1,"minecraft:tuff":5,"minecraft:stone_shovel":1,"minecraft:iron_boots":4,"minecraft:cobbled_deepslate_slab":1,"minecraft:oak_sign":3,"minecraft:filled_map":3,"minecraft:potato":1,"minecraft:shield":2,"minecraft:iron_chestplate":4,"minecraft:oak_sapling":1,"minecraft:spider_eye":6,"minecraft:bow":7,"minecraft:stone_pickaxe":2},"minecraft:mined":{"minecraft:dark_oak_planks":1,"minecraft:large_amethyst_bud":1,"minecraft:sculk_vein":2,"minecraft:obsidian":23,"minecraft:granite":8,"minecraft:grass_block":852,"minecraft:oak_wall_sign":3,"minecraft:spawner":1,"minecraft:cobbled_deepslate":117,"minecraft:iron_ore":186,"minecraft:fire":13,"minecraft:deepslate_lapis_ore":10,"minecraft:oak_sign":1,"minecraft:deepslate_redstone_ore":8,"minecraft:medium_amethyst_bud":1,"minecraft:soul_fire":1,"minecraft:amethyst_cluster":1,"minecraft:torch":4,"minecraft:calcite":7,"minecraft:chest":7,"minecraft:cobblestone":210,"minecraft:sugar_cane":35,"minecraft:oak_planks":8,"minecraft:wall_torch":23,"minecraft:amethyst_block":6,"minecraft:birch_log":41,"minecraft:grass":165,"minecraft:oak_log":181,"minecraft:sand":118,"minecraft:dirt":353,"minecraft:smooth_basalt":4,"minecraft:oak_leaves":195,"minecraft:deepslate":968,"minecraft:tuff":77,"minecraft:mossy_cobblestone":79,"minecraft:deepslate_diamond_ore":37,"minecraft:glow_lichen":1,"minecraft:nether_bricks":2,"minecraft:dark_oak_fence":6,"minecraft:cobbled_deepslate_slab":33,"minecraft:jungle_planks":1,"minecraft:kelp":1,"minecraft:furnace":11,"minecraft:andesite":22,"minecraft:potatoes":85,"minecraft:deepslate_iron_ore":124,"minecraft:stone":246,"minecraft:soul_sand":6,"minecraft:crafting_table":22,"minecraft:emerald_ore":4,"minecraft:tall_grass":28,"minecraft:deepslate_coal_ore":5,"minecraft:lapis_ore":7,"minecraft:deepslate_gold_ore":130,"minecraft:sculk":22,"minecraft:diorite":26,"minecraft:birch_planks":4,"minecraft:birch_leaves":15,"minecraft:coal_ore":245,"minecraft:gravel":82,"minecraft:cobweb":3,"minecraft:gold_ore":5,"minecraft:deepslate_emerald_ore":1},"minecraft:crafted":{"minecraft:oak_planks":140,"minecraft:oak_sign":9,"minecraft:cooked_chicken":5,"minecraft:cooked_mutton":10,"minecraft:iron_boots":5,"minecraft:diamond_helmet":1,"minecraft:bow":2,"minecraft:diamond_leggings":1,"minecraft:chest":2,"minecraft:wooden_shovel":1,"minecraft:cooked_porkchop":36,"minecraft:diamond_axe":1,"minecraft:crafting_table":9,"minecraft:iron_helmet":5,"minecraft:wooden_pickaxe":1,"minecraft:baked_potato":149,"minecraft:smithing_table":1,"minecraft:birch_planks":48,"minecraft:iron_chestplate":5,"minecraft:book":26,"minecraft:paper":63,"minecraft:diamond_pickaxe":1,"minecraft:shield":7,"minecraft:stick":116,"minecraft:iron_ingot":215,"minecraft:iron_pickaxe":4,"minecraft:iron_block":3,"minecraft:stone_sword":1,"minecraft:gold_ingot":163,"minecraft:cobbled_deepslate_slab":48,"minecraft:stone_shovel":9,"minecraft:furnace":6,"minecraft:flint_and_steel":1,"minecraft:iron_axe":2,"minecraft:stone_pickaxe":3,"minecraft:diamond_boots":1,"minecraft:cooked_beef":9,"minecraft:cooked_cod":2,"minecraft:diamond_sword":1,"minecraft:iron_sword":4,"minecraft:bucket":2,"minecraft:bread":10,"minecraft:air":0,"minecraft:oak_boat":1,"minecraft:golden_apple":4,"minecraft:wooden_axe":1,"minecraft:iron_leggings":6,"minecraft:anvil":1,"minecraft:torch":360,"minecraft:diamond_chestplate":1}},"DataVersion":3465}