{"stats":{"minecraft:mined":{"minecraft:oak_leaves":5,"minecraft:sand":69},"minecraft:custom":{"minecraft:jump":74,"minecraft:time_since_rest":12533,"minecraft:crouch_one_cm":9753,"minecraft:leave_game":8,"minecraft:play_time":12533,"minecraft:sprint_one_cm":10618,"minecraft:time_since_death":12533,"minecraft:walk_one_cm":13504,"minecraft:sneak_time":1787,"minecraft:total_world_time":12533,"minecraft:fall_one_cm":1521,"minecraft:fly_one_cm":17966},"minecraft:picked_up":{"minecraft:stick":1,"minecraft:sand":69},"minecraft:used":{"minecraft:sand":69}},"DataVersion":3465}