{"stats":{"minecraft:picked_up":{"minecraft:stick":8,"minecraft:apple":2,"minecraft:wheat_seeds":2,"minecraft:birch_planks":19,"minecraft:carved_pumpkin":2,"minecraft:sand":70,"minecraft:oak_log":30,"minecraft:oak_sapling":7,"minecraft:oak_planks":31},"minecraft:custom":{"minecraft:time_since_rest":2924,"minecraft:deaths":1,"minecraft:crouch_one_cm":22171,"minecraft:play_time":51023,"minecraft:sprint_one_cm":38743,"minecraft:damage_taken":260,"minecraft:walk_one_cm":63065,"minecraft:sneak_time":4642,"minecraft:walk_under_water_one_cm":202,"minecraft:drop":1,"minecraft:jump":315,"minecraft:damage_dealt":39,"minecraft:leave_game":15,"minecraft:time_since_death":2898,"minecraft:walk_on_water_one_cm":991,"minecraft:total_world_time":51023,"minecraft:swim_one_cm":1681,"minecraft:fall_one_cm":7284,"minecraft:fly_one_cm":45887},"minecraft:used":{"minecraft:apple":2,"minecraft:sand":70,"minecraft:oak_planks":1},"minecraft:killed_by":{"minecraft:skeleton":1},"minecraft:dropped":{"minecraft:oak_sapling":1},"minecraft:mined":{"minecraft:grass":4,"minecraft:oak_log":19,"minecraft:sand":70,"minecraft:birch_leaves":6,"minecraft:oak_leaves":109},"minecraft:crafted":{"minecraft:oak_planks":32}},"DataVersion":3465}