{"stats":{"minecraft:picked_up":{"minecraft:iron_chestplate":6,"minecraft:crafting_table":29,"minecraft:azure_bluet":5,"minecraft:chicken":7,"minecraft:leather_leggings":2,"minecraft:shield":7,"minecraft:string":16,"minecraft:iron_axe":4,"minecraft:iron_leggings":9,"minecraft:pufferfish":2,"minecraft:iron_shovel":3,"minecraft:oak_sign":14,"minecraft:cobbled_deepslate":1054,"minecraft:bucket":2,"minecraft:beef":9,"minecraft:oak_boat":7,"minecraft:poppy":3,"minecraft:iron_pickaxe":4,"minecraft:enchanted_golden_apple":1,"minecraft:sugar_cane":6,"minecraft:chest":7,"minecraft:birch_sapling":7,"minecraft:egg":1,"minecraft:iron_boots":6,"minecraft:furnace":14,"minecraft:raw_iron":321,"minecraft:stick":78,"minecraft:torch":137,"minecraft:porkchop":43,"minecraft:diorite":22,"minecraft:carrot":24,"minecraft:redstone":63,"minecraft:golden_chestplate":5,"minecraft:dark_oak_planks":1,"minecraft:arrow":66,"minecraft:stone_shovel":7,"minecraft:rotten_flesh":251,"minecraft:cooked_cod":10,"minecraft:beetroot_seeds":6,"minecraft:nether_bricks":2,"minecraft:carved_pumpkin":2,"minecraft:gold_ingot":12,"minecraft:blaze_rod":3,"minecraft:mutton":16,"minecraft:obsidian":22,"minecraft:oxeye_daisy":2,"minecraft:cod":2,"minecraft:white_wool":9,"minecraft:cobblestone":396,"minecraft:birch_log":30,"minecraft:nautilus_shell":1,"minecraft:leather_chestplate":1,"minecraft:feather":11,"minecraft:cooked_beef":34,"minecraft:glow_ink_sac":35,"minecraft:water_bucket":3,"minecraft:andesite":23,"minecraft:leather":5,"minecraft:golden_leggings":2,"minecraft:birch_planks":19,"minecraft:potato":250,"minecraft:filled_map":2,"minecraft:flint":12,"minecraft:tuff":54,"minecraft:oak_log":217,"minecraft:gunpowder":17,"minecraft:wither_skeleton_skull":1,"minecraft:dirt":1238,"minecraft:lapis_lazuli":158,"minecraft:name_tag":3,"minecraft:cooked_mutton":3,"minecraft:bone":116,"minecraft:apple":6,"minecraft:bow":19,"minecraft:wheat_seeds":29,"minecraft:cobbled_deepslate_slab":26,"minecraft:raw_gold":254,"minecraft:stone_pickaxe":4,"minecraft:iron_ingot":114,"minecraft:cooked_chicken":2,"minecraft:oak_planks":105,"minecraft:iron_sword":8,"minecraft:soul_sand":6,"minecraft:cooked_porkchop":26,"minecraft:dandelion":11,"minecraft:axolotl_bucket":1,"minecraft:poisonous_potato":1,"minecraft:gravel":72,"minecraft:lava_bucket":1,"minecraft:sand":121,"minecraft:jungle_planks":1,"minecraft:amethyst_shard":12,"minecraft:spider_eye":5,"minecraft:mossy_cobblestone":26,"minecraft:diamond":64,"minecraft:stone_axe":3,"minecraft:chainmail_leggings":1,"minecraft:iron_helmet":7,"minecraft:granite":11,"minecraft:golden_apple":11,"minecraft:chainmail_helmet":1,"minecraft:emerald":5,"minecraft:bread":7,"minecraft:baked_potato":2,"minecraft:oak_sapling":33,"minecraft:black_wool":1,"minecraft:dark_oak_fence":6,"minecraft:coal":662,"minecraft:diamond_pickaxe":2},"minecraft:custom":{"minecraft:interact_with_smithing_table":6,"minecraft:interact_with_anvil":4,"minecraft:mob_kills":425,"minecraft:interact_with_crafting_table":105,"minecraft:leave_game":41,"minecraft:time_since_death":212461,"minecraft:climb_one_cm":3376,"minecraft:sprint_one_cm":1080832,"minecraft:walk_one_cm":1616778,"minecraft:damage_blocked_by_shield":16590,"minecraft:drop":133,"minecraft:play_time":827484,"minecraft:sneak_time":82483,"minecraft:deaths":8,"minecraft:walk_under_water_one_cm":49127,"minecraft:boat_one_cm":287268,"minecraft:jump":7246,"minecraft:enchant_item":9,"minecraft:walk_on_water_one_cm":139955,"minecraft:total_world_time":827484,"minecraft:interact_with_furnace":252,"minecraft:sleep_in_bed":7,"minecraft:time_since_rest":3007,"minecraft:damage_taken":11796,"minecraft:damage_dealt":70186,"minecraft:swim_one_cm":70128,"minecraft:fly_one_cm":2749149,"minecraft:open_chest":316,"minecraft:crouch_one_cm":267458,"minecraft:fall_one_cm":125354,"minecraft:horse_one_cm":8},"minecraft:killed_by":{"minecraft:creeper":2,"minecraft:skeleton":3,"minecraft:phantom":1,"minecraft:zombie":2},"minecraft:used":{"minecraft:oak_trapdoor":4,"minecraft:iron_shovel":6,"minecraft:flint_and_steel":6,"minecraft:carved_pumpkin":1,"minecraft:stone_shovel":1130,"minecraft:oak_sign":8,"minecraft:chest":6,"minecraft:shield":228,"minecraft:iron_sword":909,"minecraft:wooden_shovel":59,"minecraft:cooked_chicken":5,"minecraft:torch":386,"minecraft:dirt":166,"minecraft:anvil":1,"minecraft:jungle_planks":1,"minecraft:carrot":54,"minecraft:axolotl_bucket":2,"minecraft:obsidian":10,"minecraft:tuff":28,"minecraft:granite":1,"minecraft:dark_oak_planks":1,"minecraft:wooden_axe":41,"minecraft:lava_bucket":1,"minecraft:iron_axe":309,"minecraft:grass_block":1,"minecraft:birch_sapling":7,"minecraft:iron_helmet":2,"minecraft:iron_boots":1,"minecraft:bow":26,"minecraft:oak_sapling":26,"minecraft:furnace":15,"minecraft:cooked_cod":9,"minecraft:potato":58,"minecraft:cooked_beef":31,"minecraft:cobbled_deepslate":374,"minecraft:iron_leggings":2,"minecraft:cooked_mutton":11,"minecraft:water_bucket":45,"minecraft:baked_potato":17,"minecraft:diorite":5,"minecraft:birch_planks":2,"minecraft:oak_planks":18,"minecraft:stone_pickaxe":366,"minecraft:glass_bottle":1,"minecraft:wooden_pickaxe":21,"minecraft:chainmail_helmet":1,"minecraft:sugar_cane":6,"minecraft:golden_apple":1,"minecraft:sand":88,"minecraft:crafting_table":28,"minecraft:diamond_pickaxe":517,"minecraft:apple":2,"minecraft:iron_pickaxe":1002,"minecraft:netherite_axe":14,"minecraft:suspicious_stew":1,"minecraft:bread":14,"minecraft:gravel":19,"minecraft:stone_axe":83,"minecraft:diamond_sword":306,"minecraft:cobbled_deepslate_slab":53,"minecraft:potion":1,"minecraft:cobblestone":144,"minecraft:smithing_table":1,"minecraft:cooked_porkchop":42,"minecraft:andesite":8,"minecraft:bucket":48,"minecraft:oak_boat":1,"minecraft:stripped_oak_log":5},"minecraft:broken":{"minecraft:wooden_shovel":1,"minecraft:iron_boots":1,"minecraft:stone_pickaxe":2,"minecraft:shield":4,"minecraft:iron_axe":1,"minecraft:stone_axe":1,"minecraft:iron_sword":3,"minecraft:iron_pickaxe":4,"minecraft:wooden_axe":1,"minecraft:bow":1,"minecraft:stone_shovel":8},"minecraft:killed":{"minecraft:cave_spider":1,"minecraft:vindicator":1,"minecraft:spider":19,"minecraft:cod":3,"minecraft:skeleton":53,"minecraft:chicken":5,"minecraft:drowned":3,"minecraft:pig":21,"minecraft:zombie_villager":2,"minecraft:creeper":4,"minecraft:sheep":8,"minecraft:pillager":4,"minecraft:zombie":270,"minecraft:glow_squid":3,"minecraft:wither_skeleton":12,"minecraft:blaze":4,"minecraft:cow":5},"minecraft:dropped":{"minecraft:iron_ingot":22,"minecraft:bread":3,"minecraft:iron_sword":1,"minecraft:wheat_seeds":15,"minecraft:cooked_beef":5,"minecraft:mossy_cobblestone":7,"minecraft:feather":3,"minecraft:iron_helmet":5,"minecraft:leather":1,"minecraft:chainmail_helmet":1,"minecraft:golden_apple":2,"minecraft:dirt":845,"minecraft:cooked_cod":8,"minecraft:potion":1,"minecraft:iron_leggings":5,"minecraft:iron_axe":1,"minecraft:string":5,"minecraft:birch_log":13,"minecraft:white_wool":1,"minecraft:bone":2,"minecraft:gravel":1,"minecraft:iron_nugget":6,"minecraft:golden_chestplate":1,"minecraft:stone_sword":1,"minecraft:cobbled_deepslate":21,"minecraft:stone_shovel":1,"minecraft:rotten_flesh":68,"minecraft:iron_boots":4,"minecraft:azure_bluet":1,"minecraft:carrot":2,"minecraft:filled_map":3,"minecraft:leather_chestplate":1,"minecraft:potato":1,"minecraft:shield":2,"minecraft:iron_chestplate":4,"minecraft:oak_sapling":1,"minecraft:leather_leggings":2,"minecraft:spider_eye":4,"minecraft:bow":6,"minecraft:stone_pickaxe":2},"minecraft:mined":{"minecraft:dark_oak_planks":1,"minecraft:large_amethyst_bud":1,"minecraft:tuff":71,"minecraft:mossy_cobblestone":28,"minecraft:deepslate_diamond_ore":35,"minecraft:sculk_vein":2,"minecraft:obsidian":23,"minecraft:glow_lichen":1,"minecraft:dark_oak_fence":6,"minecraft:nether_bricks":2,"minecraft:granite":8,"minecraft:cobbled_deepslate_slab":26,"minecraft:grass_block":852,"minecraft:jungle_planks":1,"minecraft:kelp":1,"minecraft:oak_wall_sign":2,"minecraft:spawner":1,"minecraft:furnace":11,"minecraft:iron_ore":113,"minecraft:fire":13,"minecraft:cobbled_deepslate":108,"minecraft:andesite":19,"minecraft:deepslate_lapis_ore":5,"minecraft:potatoes":85,"minecraft:deepslate_iron_ore":102,"minecraft:stone":206,"minecraft:deepslate_redstone_ore":6,"minecraft:soul_sand":6,"minecraft:medium_amethyst_bud":1,"minecraft:soul_fire":1,"minecraft:amethyst_cluster":1,"minecraft:crafting_table":22,"minecraft:torch":4,"minecraft:emerald_ore":3,"minecraft:chest":6,"minecraft:tall_grass":26,"minecraft:cobblestone":117,"minecraft:deepslate_gold_ore":115,"minecraft:lapis_ore":7,"minecraft:oak_planks":8,"minecraft:sugar_cane":2,"minecraft:wall_torch":19,"minecraft:sculk":13,"minecraft:diorite":21,"minecraft:birch_log":30,"minecraft:birch_leaves":15,"minecraft:grass":150,"minecraft:coal_ore":202,"minecraft:oak_log":181,"minecraft:gravel":81,"minecraft:sand":118,"minecraft:dirt":353,"minecraft:cobweb":3,"minecraft:deepslate":652,"minecraft:oak_leaves":195},"minecraft:crafted":{"minecraft:cobbled_deepslate_slab":36,"minecraft:oak_planks":140,"minecraft:stone_shovel":9,"minecraft:oak_sign":9,"minecraft:cooked_chicken":5,"minecraft:furnace":6,"minecraft:cooked_mutton":10,"minecraft:flint_and_steel":1,"minecraft:diamond_helmet":1,"minecraft:diamond_leggings":1,"minecraft:bow":1,"minecraft:iron_boots":5,"minecraft:iron_axe":2,"minecraft:stone_pickaxe":3,"minecraft:chest":2,"minecraft:diamond_boots":1,"minecraft:cooked_beef":9,"minecraft:cooked_cod":2,"minecraft:wooden_shovel":1,"minecraft:diamond_sword":1,"minecraft:cooked_porkchop":36,"minecraft:crafting_table":7,"minecraft:wooden_pickaxe":1,"minecraft:baked_potato":103,"minecraft:iron_helmet":5,"minecraft:iron_sword":4,"minecraft:smithing_table":1,"minecraft:bucket":2,"minecraft:birch_planks":32,"minecraft:bread":10,"minecraft:air":0,"minecraft:oak_boat":1,"minecraft:iron_chestplate":5,"minecraft:book":5,"minecraft:golden_apple":4,"minecraft:diamond_pickaxe":1,"minecraft:shield":6,"minecraft:stick":116,"minecraft:iron_ingot":215,"minecraft:iron_pickaxe":4,"minecraft:wooden_axe":1,"minecraft:iron_block":3,"minecraft:stone_sword":1,"minecraft:gold_ingot":144,"minecraft:iron_leggings":6,"minecraft:anvil":1,"minecraft:torch":332,"minecraft:diamond_chestplate":1}},"DataVersion":3465}