{"stats":{"minecraft:crafted":{"minecraft:oak_planks":100,"minecraft:stone_shovel":9,"minecraft:oak_sign":3,"minecraft:cooked_chicken":3,"minecraft:furnace":2,"minecraft:cooked_mutton":10,"minecraft:iron_boots":2,"minecraft:iron_axe":1,"minecraft:stone_pickaxe":1,"minecraft:chest":2,"minecraft:cooked_beef":7,"minecraft:cooked_cod":2,"minecraft:wooden_shovel":1,"minecraft:cooked_porkchop":19,"minecraft:crafting_table":4,"minecraft:wooden_pickaxe":1,"minecraft:iron_helmet":2,"minecraft:iron_sword":1,"minecraft:bucket":1,"minecraft:air":0,"minecraft:oak_boat":1,"minecraft:iron_chestplate":2,"minecraft:shield":3,"minecraft:stick":60,"minecraft:iron_ingot":109,"minecraft:iron_pickaxe":1,"minecraft:wooden_axe":1,"minecraft:iron_leggings":2,"minecraft:torch":128},"minecraft:mined":{"minecraft:dark_oak_planks":1,"minecraft:large_amethyst_bud":1,"minecraft:deepslate_diamond_ore":13,"minecraft:sculk_vein":2,"minecraft:glow_lichen":1,"minecraft:dark_oak_fence":6,"minecraft:granite":1,"minecraft:grass_block":840,"minecraft:jungle_planks":1,"minecraft:kelp":1,"minecraft:furnace":7,"minecraft:iron_ore":47,"minecraft:fire":2,"minecraft:andesite":3,"minecraft:deepslate_iron_ore":46,"minecraft:stone":45,"minecraft:medium_amethyst_bud":1,"minecraft:amethyst_cluster":1,"minecraft:crafting_table":12,"minecraft:chest":4,"minecraft:tall_grass":22,"minecraft:cobblestone":3,"minecraft:deepslate_gold_ore":28,"minecraft:sugar_cane":2,"minecraft:oak_planks":3,"minecraft:sculk":13,"minecraft:birch_leaves":6,"minecraft:grass":107,"minecraft:oak_log":37,"minecraft:coal_ore":90,"minecraft:gravel":1,"minecraft:sand":116,"minecraft:dirt":302,"minecraft:oak_leaves":126,"minecraft:deepslate":50},"minecraft:killed":{"minecraft:spider":9,"minecraft:cod":3,"minecraft:skeleton":22,"minecraft:chicken":4,"minecraft:drowned":3,"minecraft:pig":15,"minecraft:zombie_villager":1,"minecraft:sheep":8,"minecraft:zombie":36,"minecraft:cow":5},"minecraft:killed_by":{"minecraft:creeper":2,"minecraft:skeleton":2},"minecraft:used":{"minecraft:flint_and_steel":1,"minecraft:carved_pumpkin":1,"minecraft:stone_shovel":1130,"minecraft:oak_sign":1,"minecraft:chest":6,"minecraft:shield":93,"minecraft:iron_sword":251,"minecraft:wooden_shovel":59,"minecraft:cooked_chicken":3,"minecraft:torch":119,"minecraft:dirt":74,"minecraft:jungle_planks":1,"minecraft:carrot":10,"minecraft:granite":1,"minecraft:dark_oak_planks":1,"minecraft:wooden_axe":41,"minecraft:iron_axe":6,"minecraft:iron_helmet":1,"minecraft:iron_boots":1,"minecraft:bow":7,"minecraft:furnace":9,"minecraft:cooked_cod":3,"minecraft:cooked_beef":7,"minecraft:cobbled_deepslate":21,"minecraft:iron_leggings":2,"minecraft:cooked_mutton":10,"minecraft:water_bucket":7,"minecraft:diorite":1,"minecraft:birch_planks":2,"minecraft:glass_bottle":1,"minecraft:stone_pickaxe":131,"minecraft:oak_planks":6,"minecraft:wooden_pickaxe":21,"minecraft:sugar_cane":6,"minecraft:sand":70,"minecraft:crafting_table":15,"minecraft:apple":2,"minecraft:bread":7,"minecraft:suspicious_stew":1,"minecraft:iron_pickaxe":200,"minecraft:gravel":1,"minecraft:stone_axe":83,"minecraft:cobblestone":28,"minecraft:potion":1,"minecraft:cooked_porkchop":26,"minecraft:andesite":7,"minecraft:bucket":9,"minecraft:oak_boat":1},"minecraft:dropped":{"minecraft:iron_ingot":22,"minecraft:wheat_seeds":14,"minecraft:feather":1,"minecraft:iron_helmet":2,"minecraft:dirt":324,"minecraft:cooked_cod":6,"minecraft:potion":1,"minecraft:iron_leggings":2,"minecraft:white_wool":1,"minecraft:gravel":1,"minecraft:iron_nugget":6,"minecraft:cobbled_deepslate":5,"minecraft:rotten_flesh":32,"minecraft:iron_boots":1,"minecraft:filled_map":3,"minecraft:leather_chestplate":1,"minecraft:shield":1,"minecraft:iron_chestplate":1,"minecraft:oak_sapling":1,"minecraft:leather_leggings":1,"minecraft:spider_eye":2,"minecraft:bow":1},"minecraft:picked_up":{"minecraft:crafting_table":15,"minecraft:iron_chestplate":3,"minecraft:azure_bluet":4,"minecraft:chicken":6,"minecraft:shield":4,"minecraft:string":6,"minecraft:iron_leggings":4,"minecraft:oak_sign":2,"minecraft:cobbled_deepslate":123,"minecraft:beef":9,"minecraft:oak_boat":3,"minecraft:poppy":3,"minecraft:iron_pickaxe":2,"minecraft:sugar_cane":6,"minecraft:chest":4,"minecraft:egg":1,"minecraft:iron_boots":3,"minecraft:furnace":8,"minecraft:stick":16,"minecraft:raw_iron":134,"minecraft:torch":54,"minecraft:porkchop":30,"minecraft:diorite":1,"minecraft:golden_chestplate":3,"minecraft:dark_oak_planks":1,"minecraft:rotten_flesh":33,"minecraft:arrow":26,"minecraft:stone_shovel":3,"minecraft:cooked_cod":2,"minecraft:carved_pumpkin":2,"minecraft:mutton":16,"minecraft:cod":2,"minecraft:white_wool":8,"minecraft:cobblestone":52,"minecraft:oxeye_daisy":2,"minecraft:nautilus_shell":1,"minecraft:feather":9,"minecraft:glow_ink_sac":18,"minecraft:water_bucket":2,"minecraft:andesite":7,"minecraft:leather":5,"minecraft:filled_map":2,"minecraft:birch_planks":19,"minecraft:oak_log":55,"minecraft:gunpowder":4,"minecraft:dirt":1172,"minecraft:cooked_mutton":1,"minecraft:bone":45,"minecraft:apple":2,"minecraft:bow":6,"minecraft:wheat_seeds":28,"minecraft:raw_gold":47,"minecraft:stone_pickaxe":1,"minecraft:iron_ingot":62,"minecraft:cooked_chicken":2,"minecraft:iron_sword":3,"minecraft:oak_planks":79,"minecraft:cooked_porkchop":20,"minecraft:axolotl_bucket":1,"minecraft:dandelion":11,"minecraft:gravel":3,"minecraft:lava_bucket":1,"minecraft:jungle_planks":1,"minecraft:sand":118,"minecraft:amethyst_shard":12,"minecraft:spider_eye":3,"minecraft:diamond":31,"minecraft:stone_axe":3,"minecraft:iron_helmet":4,"minecraft:granite":1,"minecraft:bread":7,"minecraft:oak_sapling":7,"minecraft:dark_oak_fence":6,"minecraft:black_wool":1,"minecraft:coal":372},"minecraft:broken":{"minecraft:wooden_shovel":1,"minecraft:stone_pickaxe":1,"minecraft:shield":2,"minecraft:stone_axe":1,"minecraft:wooden_axe":1,"minecraft:stone_shovel":8},"minecraft:custom":{"minecraft:mob_kills":108,"minecraft:interact_with_crafting_table":57,"minecraft:leave_game":23,"minecraft:time_since_death":35371,"minecraft:climb_one_cm":2384,"minecraft:sprint_one_cm":435646,"minecraft:walk_one_cm":518765,"minecraft:damage_blocked_by_shield":5985,"minecraft:drop":49,"minecraft:play_time":338798,"minecraft:deaths":4,"minecraft:sneak_time":33157,"minecraft:walk_under_water_one_cm":26474,"minecraft:boat_one_cm":287268,"minecraft:jump":2805,"minecraft:walk_on_water_one_cm":28654,"minecraft:total_world_time":338798,"minecraft:interact_with_furnace":106,"minecraft:sleep_in_bed":3,"minecraft:time_since_rest":15798,"minecraft:damage_taken":5388,"minecraft:damage_dealt":17542,"minecraft:swim_one_cm":55300,"minecraft:fly_one_cm":624326,"minecraft:open_chest":93,"minecraft:crouch_one_cm":160061,"minecraft:fall_one_cm":53834,"minecraft:horse_one_cm":8}},"DataVersion":3465}