{"stats":{"minecraft:crafted":{"minecraft:oak_planks":44,"minecraft:wooden_shovel":1,"minecraft:stone_shovel":3,"minecraft:crafting_table":3,"minecraft:wooden_pickaxe":1,"minecraft:oak_boat":1,"minecraft:stick":20,"minecraft:stone_pickaxe":1,"minecraft:wooden_axe":1,"minecraft:chest":2},"minecraft:picked_up":{"minecraft:nautilus_shell":1,"minecraft:crafting_table":2,"minecraft:azure_bluet":4,"minecraft:feather":4,"minecraft:filled_map":2,"minecraft:birch_planks":19,"minecraft:oak_log":32,"minecraft:dirt":269,"minecraft:apple":2,"minecraft:wheat_seeds":7,"minecraft:oak_boat":1,"minecraft:poppy":2,"minecraft:chest":3,"minecraft:oak_planks":34,"minecraft:stick":8,"minecraft:dandelion":6,"minecraft:gravel":2,"minecraft:sand":118,"minecraft:jungle_planks":1,"minecraft:dark_oak_planks":1,"minecraft:carved_pumpkin":2,"minecraft:oak_sapling":7,"minecraft:cod":2,"minecraft:cobblestone":21,"minecraft:oxeye_daisy":2},"minecraft:dropped":{"minecraft:gravel":1,"minecraft:iron_ingot":8,"minecraft:iron_nugget":6,"minecraft:filled_map":3,"minecraft:cooked_cod":6,"minecraft:oak_sapling":1,"minecraft:potion":1},"minecraft:used":{"minecraft:birch_planks":2,"minecraft:glass_bottle":1,"minecraft:stone_shovel":262,"minecraft:oak_planks":5,"minecraft:chest":5,"minecraft:wooden_pickaxe":21,"minecraft:wooden_shovel":59,"minecraft:dirt":15,"minecraft:sand":70,"minecraft:crafting_table":5,"minecraft:jungle_planks":1,"minecraft:carrot":6,"minecraft:dark_oak_planks":1,"minecraft:wooden_axe":41,"minecraft:apple":2,"minecraft:suspicious_stew":1,"minecraft:stone_axe":4,"minecraft:potion":1,"minecraft:cooked_cod":1,"minecraft:oak_boat":1},"minecraft:custom":{"minecraft:mob_kills":7,"minecraft:interact_with_crafting_table":17,"minecraft:leave_game":16,"minecraft:time_since_death":38457,"minecraft:time_since_rest":38483,"minecraft:sprint_one_cm":81570,"minecraft:damage_taken":436,"minecraft:walk_one_cm":102303,"minecraft:drop":13,"minecraft:damage_dealt":1042,"minecraft:swim_one_cm":23266,"minecraft:fly_one_cm":107973,"minecraft:open_chest":16,"minecraft:crouch_one_cm":54158,"minecraft:play_time":86582,"minecraft:deaths":1,"minecraft:sneak_time":10614,"minecraft:walk_under_water_one_cm":20051,"minecraft:boat_one_cm":287268,"minecraft:jump":599,"minecraft:walk_on_water_one_cm":6610,"minecraft:total_world_time":86582,"minecraft:fall_one_cm":14110},"minecraft:mined":{"minecraft:dark_oak_planks":1,"minecraft:crafting_table":2,"minecraft:grass_block":262,"minecraft:jungle_planks":1,"minecraft:chest":3,"minecraft:tall_grass":7,"minecraft:oak_planks":3,"minecraft:kelp":1,"minecraft:birch_leaves":6,"minecraft:grass":44,"minecraft:oak_log":24,"minecraft:dirt":15,"minecraft:gravel":1,"minecraft:sand":116,"minecraft:stone":21,"minecraft:oak_leaves":121},"minecraft:killed":{"minecraft:cod":3,"minecraft:zombie":1,"minecraft:drowned":3},"minecraft:killed_by":{"minecraft:skeleton":1},"minecraft:broken":{"minecraft:wooden_shovel":1,"minecraft:wooden_axe":1,"minecraft:stone_shovel":2}},"DataVersion":3465}