{"stats":{"minecraft:dropped":{"minecraft:oak_sapling":1},"minecraft:used":{"minecraft:sand":70,"minecraft:apple":2,"minecraft:oak_planks":1},"minecraft:crafted":{"minecraft:oak_planks":32},"minecraft:custom":{"minecraft:time_since_rest":28223,"minecraft:crouch_one_cm":15826,"minecraft:sprint_one_cm":34621,"minecraft:play_time":28223,"minecraft:walk_one_cm":35271,"minecraft:walk_under_water_one_cm":202,"minecraft:sneak_time":3251,"minecraft:drop":1,"minecraft:jump":219,"minecraft:leave_game":9,"minecraft:walk_on_water_one_cm":991,"minecraft:time_since_death":28223,"minecraft:total_world_time":28223,"minecraft:swim_one_cm":1681,"minecraft:fall_one_cm":3251,"minecraft:fly_one_cm":40057},"minecraft:mined":{"minecraft:grass":4,"minecraft:oak_log":19,"minecraft:sand":70,"minecraft:birch_leaves":1,"minecraft:oak_leaves":58},"minecraft:picked_up":{"minecraft:stick":5,"minecraft:apple":2,"minecraft:wheat_seeds":2,"minecraft:sand":70,"minecraft:oak_log":19,"minecraft:oak_sapling":2}},"DataVersion":3465}