{"stats":{"minecraft:picked_up":{"minecraft:iron_chestplate":6,"minecraft:chainmail_boots":1,"minecraft:diamond_sword":1,"minecraft:enchanted_book":3,"minecraft:amethyst_block":174,"minecraft:string":25,"minecraft:iron_leggings":9,"minecraft:pufferfish":2,"minecraft:oak_sign":20,"minecraft:cobbled_deepslate":1834,"minecraft:bucket":6,"minecraft:calcite":234,"minecraft:iron_pickaxe":4,"minecraft:enchanted_golden_apple":1,"minecraft:furnace":14,"minecraft:iron_boots":6,"minecraft:golden_helmet":3,"minecraft:stick":166,"minecraft:torch":176,"minecraft:porkchop":43,"minecraft:diorite":310,"minecraft:golden_chestplate":7,"minecraft:rotten_flesh":367,"minecraft:carved_pumpkin":3,"minecraft:blaze_rod":3,"minecraft:obsidian":35,"minecraft:cod":3,"minecraft:cobblestone":604,"minecraft:nautilus_shell":1,"minecraft:birch_log":92,"minecraft:enchanting_table":2,"minecraft:leather_chestplate":3,"minecraft:polished_diorite_slab":84,"minecraft:feather":11,"minecraft:cooked_beef":34,"minecraft:water_bucket":3,"minecraft:andesite":54,"minecraft:golden_leggings":3,"minecraft:potato":508,"minecraft:flint":13,"minecraft:tuff":61,"minecraft:wither_skeleton_skull":1,"minecraft:lapis_lazuli":341,"minecraft:dirt":1545,"minecraft:name_tag":3,"minecraft:leather_boots":5,"minecraft:bone":1245,"minecraft:bow":93,"minecraft:stonecutter":2,"minecraft:wheat_seeds":58,"minecraft:cobbled_deepslate_wall":10,"minecraft:raw_gold":399,"minecraft:cobbled_deepslate_slab":35,"minecraft:oak_planks":108,"minecraft:cooked_porkchop":26,"minecraft:axolotl_bucket":1,"minecraft:poisonous_potato":3,"minecraft:sand":1839,"minecraft:jungle_planks":1,"minecraft:ink_sac":57,"minecraft:grass_block":887,"minecraft:mossy_cobblestone":77,"minecraft:black_concrete_powder":9,"minecraft:clay":1,"minecraft:diamond":70,"minecraft:deepslate":390,"minecraft:black_concrete":690,"minecraft:granite":14,"minecraft:golden_apple":11,"minecraft:white_concrete":2079,"minecraft:emerald":7,"minecraft:chainmail_helmet":2,"minecraft:bread":8,"minecraft:oak_sapling":135,"minecraft:dark_oak_fence":6,"minecraft:diamond_pickaxe":3,"minecraft:crafting_table":30,"minecraft:azure_bluet":8,"minecraft:chicken":7,"minecraft:clay_ball":20,"minecraft:leather_leggings":7,"minecraft:shield":7,"minecraft:cornflower":2,"minecraft:iron_axe":5,"minecraft:iron_shovel":3,"minecraft:glass_pane":10,"minecraft:music_disc_otherside":1,"minecraft:beef":9,"minecraft:oak_boat":7,"minecraft:poppy":7,"minecraft:sugar_cane":212,"minecraft:chest":11,"minecraft:birch_sapling":10,"minecraft:phantom_membrane":3,"minecraft:egg":1,"minecraft:raw_iron":773,"minecraft:stone":406,"minecraft:oak_door":18,"minecraft:carrot":25,"minecraft:redstone":67,"minecraft:dark_oak_planks":1,"minecraft:arrow":1052,"minecraft:stone_shovel":7,"minecraft:cooked_cod":19,"minecraft:beetroot_seeds":6,"minecraft:nether_bricks":2,"minecraft:gold_ingot":12,"minecraft:mutton":16,"minecraft:white_wool":9,"minecraft:oxeye_daisy":3,"minecraft:glow_ink_sac":35,"minecraft:leather":15,"minecraft:filled_map":2,"minecraft:birch_planks":23,"minecraft:oak_log":623,"minecraft:chainmail_chestplate":2,"minecraft:golden_boots":4,"minecraft:gunpowder":38,"minecraft:cooked_mutton":3,"minecraft:apple":18,"minecraft:iron_ingot":115,"minecraft:stone_pickaxe":4,"minecraft:cooked_chicken":2,"minecraft:iron_sword":8,"minecraft:soul_sand":6,"minecraft:book":12,"minecraft:smooth_basalt":39,"minecraft:dandelion":21,"minecraft:gravel":1531,"minecraft:lava_bucket":5,"minecraft:amethyst_shard":38,"minecraft:white_bed":1,"minecraft:spider_eye":13,"minecraft:leather_helmet":2,"minecraft:diamond_shovel":1,"minecraft:pumpkin_seeds":2,"minecraft:slime_ball":1,"minecraft:white_concrete_powder":111,"minecraft:stone_axe":3,"minecraft:chainmail_leggings":3,"minecraft:iron_helmet":7,"minecraft:baked_potato":2,"minecraft:black_wool":1,"minecraft:coal":1042,"minecraft:hopper":3},"minecraft:custom":{"minecraft:interact_with_crafting_table":192,"minecraft:bell_ring":5,"minecraft:leave_game":90,"minecraft:time_since_death":1061372,"minecraft:sprint_one_cm":2899195,"minecraft:damage_blocked_by_shield":20280,"minecraft:drop":305,"minecraft:talked_to_villager":1,"minecraft:play_time":2169185,"minecraft:deaths":9,"minecraft:jump":15228,"minecraft:walk_on_water_one_cm":294657,"minecraft:enchant_item":37,"minecraft:interact_with_furnace":378,"minecraft:sleep_in_bed":34,"minecraft:damage_dealt":222567,"minecraft:crouch_one_cm":538249,"minecraft:horse_one_cm":8,"minecraft:interact_with_smithing_table":19,"minecraft:interact_with_anvil":36,"minecraft:mob_kills":2783,"minecraft:inspect_hopper":15,"minecraft:climb_one_cm":3376,"minecraft:walk_one_cm":3731448,"minecraft:sneak_time":151014,"minecraft:walk_under_water_one_cm":201652,"minecraft:boat_one_cm":287268,"minecraft:total_world_time":2169185,"minecraft:raid_trigger":1,"minecraft:interact_with_stonecutter":9,"minecraft:interact_with_grindstone":2,"minecraft:time_since_rest":7845,"minecraft:damage_absorbed":20,"minecraft:damage_taken":15292,"minecraft:swim_one_cm":320122,"minecraft:fly_one_cm":5257962,"minecraft:open_chest":956,"minecraft:fall_one_cm":248983},"minecraft:killed_by":{"minecraft:creeper":3,"minecraft:zombie":2,"minecraft:skeleton":3,"minecraft:phantom":1},"minecraft:used":{"minecraft:iron_shovel":6,"minecraft:oak_sign":13,"minecraft:white_concrete_powder":2015,"minecraft:chest":36,"minecraft:shield":278,"minecraft:stone":370,"minecraft:iron_sword":909,"minecraft:jungle_planks":1,"minecraft:carrot":54,"minecraft:tuff":28,"minecraft:axolotl_bucket":2,"minecraft:obsidian":10,"minecraft:milk_bucket":2,"minecraft:lava_bucket":3,"minecraft:grass_block":306,"minecraft:birch_sapling":10,"minecraft:iron_helmet":2,"minecraft:bow":537,"minecraft:oak_sapling":127,"minecraft:furnace":15,"minecraft:cooked_cod":11,"minecraft:potato":173,"minecraft:diorite":8,"minecraft:diamond_boots":2,"minecraft:polished_diorite_slab":373,"minecraft:oak_planks":21,"minecraft:stone_pickaxe":366,"minecraft:wooden_pickaxe":21,"minecraft:chainmail_helmet":1,"minecraft:sugar_cane":10,"minecraft:diamond_axe":629,"minecraft:golden_apple":2,"minecraft:sand":88,"minecraft:black_concrete_powder":465,"minecraft:black_concrete":620,"minecraft:bread":14,"minecraft:deepslate":479,"minecraft:gravel":19,"minecraft:diamond_sword":2819,"minecraft:smithing_table":1,"minecraft:andesite":8,"minecraft:birch_log":11,"minecraft:oak_boat":1,"minecraft:white_concrete":1668,"minecraft:oak_trapdoor":4,"minecraft:enchanting_table":2,"minecraft:flint_and_steel":15,"minecraft:carved_pumpkin":1,"minecraft:stone_shovel":1130,"minecraft:wooden_shovel":59,"minecraft:cooked_chicken":5,"minecraft:oak_door":24,"minecraft:torch":455,"minecraft:dirt":396,"minecraft:anvil":3,"minecraft:hopper":20,"minecraft:diamond_helmet":1,"minecraft:granite":1,"minecraft:dark_oak_planks":1,"minecraft:wooden_axe":41,"minecraft:bookshelf":11,"minecraft:iron_axe":309,"minecraft:iron_boots":1,"minecraft:smooth_basalt":2,"minecraft:diamond_chestplate":1,"minecraft:cooked_beef":31,"minecraft:cobbled_deepslate":638,"minecraft:iron_leggings":2,"minecraft:cobbled_deepslate_wall":76,"minecraft:calcite":6,"minecraft:cooked_mutton":11,"minecraft:water_bucket":172,"minecraft:birch_planks":6,"minecraft:glass_bottle":1,"minecraft:baked_potato":169,"minecraft:stonecutter":2,"minecraft:crafting_table":34,"minecraft:white_bed":1,"minecraft:diamond_pickaxe":6646,"minecraft:apple":2,"minecraft:diamond_shovel":4812,"minecraft:iron_pickaxe":1002,"minecraft:suspicious_stew":1,"minecraft:netherite_axe":14,"minecraft:stone_axe":88,"minecraft:cobblestone":186,"minecraft:potion":1,"minecraft:cobbled_deepslate_slab":76,"minecraft:cooked_porkchop":42,"minecraft:bucket":183,"minecraft:glass_pane":217,"minecraft:stripped_oak_log":5,"minecraft:diamond_leggings":1},"minecraft:broken":{"minecraft:wooden_shovel":1,"minecraft:iron_boots":1,"minecraft:stone_pickaxe":2,"minecraft:stone_axe":1,"minecraft:iron_sword":3,"minecraft:wooden_axe":1,"minecraft:bow":1,"minecraft:stone_shovel":8,"minecraft:shield":5,"minecraft:iron_axe":1,"minecraft:iron_pickaxe":4},"minecraft:killed":{"minecraft:cave_spider":1,"minecraft:spider":41,"minecraft:cod":3,"minecraft:skeleton":1987,"minecraft:chicken":6,"minecraft:pig":21,"minecraft:zombie_villager":3,"minecraft:creeper":25,"minecraft:sheep":8,"minecraft:pillager":17,"minecraft:zombie":537,"minecraft:glow_squid":3,"minecraft:blaze":4,"minecraft:cow":5,"minecraft:vindicator":2,"minecraft:phantom":7,"minecraft:drowned":12,"minecraft:bat":2,"minecraft:squid":19,"minecraft:wither_skeleton":12},"minecraft:dropped":{"minecraft:iron_sword":1,"minecraft:lapis_lazuli":25,"minecraft:cooked_beef":5,"minecraft:diamond":61,"minecraft:leather":1,"minecraft:leather_helmet":2,"minecraft:dirt":851,"minecraft:cornflower":2,"minecraft:cooked_cod":8,"minecraft:birch_log":13,"minecraft:white_wool":1,"minecraft:bone":338,"minecraft:gravel":2,"minecraft:sugar_cane":1,"minecraft:iron_nugget":6,"minecraft:golden_chestplate":1,"minecraft:cobbled_deepslate":24,"minecraft:rotten_flesh":136,"minecraft:diamond_shovel":1,"minecraft:azure_bluet":4,"minecraft:carrot":2,"minecraft:chainmail_chestplate":2,"minecraft:poppy":4,"minecraft:leather_chestplate":1,"minecraft:gunpowder":12,"minecraft:leather_boots":4,"minecraft:leather_leggings":5,"minecraft:arrow":185,"minecraft:white_concrete_powder":64,"minecraft:enchanted_book":3,"minecraft:golden_boots":2,"minecraft:iron_ingot":22,"minecraft:bread":3,"minecraft:wheat_seeds":30,"minecraft:golden_helmet":1,"minecraft:mossy_cobblestone":7,"minecraft:poisonous_potato":1,"minecraft:iron_helmet":5,"minecraft:feather":3,"minecraft:cobblestone":1,"minecraft:granite":3,"minecraft:chainmail_helmet":1,"minecraft:golden_apple":6,"minecraft:oxeye_daisy":1,"minecraft:lava_bucket":7,"minecraft:diorite":3,"minecraft:torch":2,"minecraft:potion":1,"minecraft:iron_leggings":5,"minecraft:iron_axe":2,"minecraft:iron_shovel":1,"minecraft:chainmail_leggings":1,"minecraft:paper":1,"minecraft:string":8,"minecraft:dandelion":10,"minecraft:smooth_basalt":6,"minecraft:anvil":1,"minecraft:polished_diorite_slab":1,"minecraft:stone_sword":1,"minecraft:deepslate":1,"minecraft:tuff":5,"minecraft:stone_shovel":1,"minecraft:iron_boots":4,"minecraft:cobbled_deepslate_slab":1,"minecraft:oak_sign":3,"minecraft:filled_map":3,"minecraft:potato":1,"minecraft:shield":2,"minecraft:diamond_pickaxe":1,"minecraft:iron_chestplate":4,"minecraft:golden_leggings":2,"minecraft:oak_sapling":3,"minecraft:carved_pumpkin":1,"minecraft:spider_eye":12,"minecraft:bow":53,"minecraft:stone_pickaxe":2,"minecraft:calcite":2},"minecraft:mined":{"minecraft:dark_oak_planks":1,"minecraft:large_amethyst_bud":1,"minecraft:oak_sapling":1,"minecraft:sculk_vein":2,"minecraft:carved_pumpkin":1,"minecraft:obsidian":36,"minecraft:granite":9,"minecraft:budding_amethyst":8,"minecraft:grass_block":1762,"minecraft:white_concrete":2085,"minecraft:hopper":3,"minecraft:oak_wall_sign":3,"minecraft:spawner":1,"minecraft:tall_seagrass":4,"minecraft:iron_ore":270,"minecraft:cobbled_deepslate":173,"minecraft:fire":19,"minecraft:deepslate_lapis_ore":16,"minecraft:enchanting_table":2,"minecraft:oak_sign":2,"minecraft:dirt_path":17,"minecraft:deepslate_redstone_ore":8,"minecraft:medium_amethyst_bud":1,"minecraft:soul_fire":1,"minecraft:amethyst_cluster":3,"minecraft:clay":6,"minecraft:torch":5,"minecraft:calcite":240,"minecraft:poppy":1,"minecraft:chest":12,"minecraft:polished_diorite_slab":80,"minecraft:cobblestone":212,"minecraft:sugar_cane":132,"minecraft:oak_planks":11,"minecraft:wall_torch":28,"minecraft:amethyst_block":180,"minecraft:seagrass":10,"minecraft:black_concrete_powder":9,"minecraft:birch_log":92,"minecraft:grass":260,"minecraft:oak_log":568,"minecraft:sand":2011,"minecraft:dirt":655,"minecraft:smooth_basalt":40,"minecraft:stonecutter":2,"minecraft:deepslate":1796,"minecraft:oak_leaves":430,"minecraft:diamond_ore":2,"minecraft:tuff":86,"minecraft:mossy_cobblestone":79,"minecraft:deepslate_diamond_ore":37,"minecraft:oak_door":1,"minecraft:cobbled_deepslate_slab":33,"minecraft:glow_lichen":2,"minecraft:nether_bricks":2,"minecraft:dark_oak_fence":6,"minecraft:jungle_planks":1,"minecraft:kelp":1,"minecraft:white_concrete_powder":47,"minecraft:furnace":11,"minecraft:andesite":55,"minecraft:black_concrete":690,"minecraft:bookshelf":4,"minecraft:potatoes":154,"minecraft:deepslate_iron_ore":183,"minecraft:stone":720,"minecraft:glass_pane":21,"minecraft:soul_sand":6,"minecraft:dandelion":3,"minecraft:crafting_table":23,"minecraft:cobbled_deepslate_wall":10,"minecraft:emerald_ore":4,"minecraft:tall_grass":52,"minecraft:deepslate_coal_ore":5,"minecraft:lapis_ore":10,"minecraft:deepslate_gold_ore":180,"minecraft:sculk":22,"minecraft:diorite":311,"minecraft:birch_planks":4,"minecraft:birch_leaves":15,"minecraft:coal_ore":388,"minecraft:gravel":1748,"minecraft:cobweb":3,"minecraft:gold_ore":14,"minecraft:deepslate_emerald_ore":1},"minecraft:crafted":{"minecraft:black_dye":57,"minecraft:oak_planks":680,"minecraft:oak_sign":9,"minecraft:cooked_chicken":5,"minecraft:stone":88,"minecraft:diamond_shovel":3,"minecraft:bookshelf":11,"minecraft:cooked_mutton":10,"minecraft:glass":192,"minecraft:hopper":20,"minecraft:diamond_helmet":2,"minecraft:bow":12,"minecraft:diamond_leggings":2,"minecraft:iron_boots":5,"minecraft:chest":52,"minecraft:polished_diorite_slab":26,"minecraft:deepslate":195,"minecraft:wooden_shovel":1,"minecraft:cooked_porkchop":36,"minecraft:diamond_axe":2,"minecraft:crafting_table":11,"minecraft:iron_helmet":5,"minecraft:wooden_pickaxe":1,"minecraft:baked_potato":266,"minecraft:smithing_table":1,"minecraft:cobbled_deepslate_wall":132,"minecraft:gold_block":15,"minecraft:birch_planks":160,"minecraft:iron_chestplate":5,"minecraft:book":36,"minecraft:paper":159,"minecraft:diamond_pickaxe":4,"minecraft:shield":8,"minecraft:stick":120,"minecraft:iron_ingot":645,"minecraft:iron_pickaxe":4,"minecraft:iron_block":34,"minecraft:stone_sword":1,"minecraft:gold_ingot":293,"minecraft:cobbled_deepslate_slab":54,"minecraft:oak_door":9,"minecraft:stone_shovel":9,"minecraft:furnace":6,"minecraft:bone_meal":246,"minecraft:glass_pane":320,"minecraft:flint_and_steel":2,"minecraft:white_concrete_powder":1968,"minecraft:black_concrete_powder":456,"minecraft:iron_axe":2,"minecraft:stone_pickaxe":3,"minecraft:diamond_boots":2,"minecraft:cooked_beef":9,"minecraft:cooked_cod":2,"minecraft:diamond_sword":3,"minecraft:enchanting_table":1,"minecraft:iron_sword":4,"minecraft:bucket":3,"minecraft:air":0,"minecraft:bread":10,"minecraft:oak_boat":1,"minecraft:golden_apple":16,"minecraft:white_dye":246,"minecraft:wooden_axe":1,"minecraft:iron_leggings":6,"minecraft:anvil":4,"minecraft:torch":364,"minecraft:diamond_chestplate":2}},"DataVersion":3465}