{"stats":{"minecraft:crafted":{"minecraft:oak_planks":72,"minecraft:stone_shovel":9,"minecraft:oak_sign":3,"minecraft:furnace":2,"minecraft:cooked_mutton":9,"minecraft:iron_boots":2,"minecraft:stone_pickaxe":1,"minecraft:chest":2,"minecraft:wooden_shovel":1,"minecraft:cooked_porkchop":16,"minecraft:crafting_table":4,"minecraft:wooden_pickaxe":1,"minecraft:iron_helmet":2,"minecraft:iron_sword":1,"minecraft:bucket":1,"minecraft:air":0,"minecraft:oak_boat":1,"minecraft:iron_chestplate":2,"minecraft:shield":1,"minecraft:stick":60,"minecraft:iron_ingot":71,"minecraft:iron_pickaxe":1,"minecraft:wooden_axe":1,"minecraft:iron_leggings":2,"minecraft:torch":76},"minecraft:picked_up":{"minecraft:crafting_table":9,"minecraft:iron_chestplate":1,"minecraft:azure_bluet":4,"minecraft:shield":1,"minecraft:string":2,"minecraft:iron_leggings":1,"minecraft:oak_sign":2,"minecraft:cobbled_deepslate":36,"minecraft:oak_boat":1,"minecraft:poppy":3,"minecraft:chest":4,"minecraft:egg":1,"minecraft:iron_boots":1,"minecraft:furnace":8,"minecraft:stick":8,"minecraft:raw_iron":92,"minecraft:torch":6,"minecraft:porkchop":23,"minecraft:diorite":1,"minecraft:dark_oak_planks":1,"minecraft:rotten_flesh":17,"minecraft:arrow":7,"minecraft:stone_shovel":1,"minecraft:carved_pumpkin":2,"minecraft:mutton":14,"minecraft:cod":2,"minecraft:white_wool":5,"minecraft:cobblestone":47,"minecraft:oxeye_daisy":2,"minecraft:nautilus_shell":1,"minecraft:feather":4,"minecraft:andesite":7,"minecraft:filled_map":2,"minecraft:birch_planks":19,"minecraft:oak_log":46,"minecraft:gunpowder":4,"minecraft:dirt":1172,"minecraft:bone":15,"minecraft:apple":2,"minecraft:bow":3,"minecraft:wheat_seeds":20,"minecraft:raw_gold":10,"minecraft:stone_pickaxe":1,"minecraft:iron_ingot":12,"minecraft:iron_sword":1,"minecraft:oak_planks":36,"minecraft:cooked_porkchop":4,"minecraft:axolotl_bucket":1,"minecraft:dandelion":11,"minecraft:gravel":2,"minecraft:lava_bucket":1,"minecraft:jungle_planks":1,"minecraft:sand":118,"minecraft:spider_eye":2,"minecraft:stone_axe":1,"minecraft:iron_helmet":1,"minecraft:granite":1,"minecraft:oak_sapling":7,"minecraft:black_wool":1,"minecraft:coal":306},"minecraft:dropped":{"minecraft:iron_ingot":22,"minecraft:wheat_seeds":6,"minecraft:iron_helmet":1,"minecraft:dirt":324,"minecraft:cooked_cod":6,"minecraft:potion":1,"minecraft:iron_leggings":1,"minecraft:gravel":1,"minecraft:iron_nugget":6,"minecraft:cobbled_deepslate":5,"minecraft:rotten_flesh":17,"minecraft:iron_boots":1,"minecraft:filled_map":3,"minecraft:leather_chestplate":1,"minecraft:iron_chestplate":1,"minecraft:oak_sapling":1,"minecraft:leather_leggings":1,"minecraft:spider_eye":1,"minecraft:bow":1},"minecraft:used":{"minecraft:flint_and_steel":1,"minecraft:stone_shovel":1130,"minecraft:oak_sign":1,"minecraft:chest":6,"minecraft:shield":32,"minecraft:iron_sword":104,"minecraft:wooden_shovel":59,"minecraft:torch":51,"minecraft:dirt":74,"minecraft:jungle_planks":1,"minecraft:carrot":10,"minecraft:granite":1,"minecraft:wooden_axe":41,"minecraft:dark_oak_planks":1,"minecraft:iron_helmet":1,"minecraft:iron_boots":1,"minecraft:bow":1,"minecraft:furnace":7,"minecraft:cooked_cod":1,"minecraft:cobbled_deepslate":6,"minecraft:iron_leggings":2,"minecraft:cooked_mutton":5,"minecraft:diorite":1,"minecraft:birch_planks":2,"minecraft:glass_bottle":1,"minecraft:stone_pickaxe":131,"minecraft:oak_planks":5,"minecraft:wooden_pickaxe":21,"minecraft:sand":70,"minecraft:crafting_table":11,"minecraft:apple":2,"minecraft:suspicious_stew":1,"minecraft:iron_pickaxe":57,"minecraft:stone_axe":68,"minecraft:cobblestone":26,"minecraft:potion":1,"minecraft:cooked_porkchop":15,"minecraft:bucket":1,"minecraft:andesite":7,"minecraft:oak_boat":1},"minecraft:custom":{"minecraft:mob_kills":60,"minecraft:interact_with_crafting_table":50,"minecraft:leave_game":20,"minecraft:time_since_death":25776,"minecraft:climb_one_cm":759,"minecraft:sprint_one_cm":249145,"minecraft:walk_one_cm":372703,"minecraft:damage_blocked_by_shield":2115,"minecraft:drop":37,"minecraft:play_time":202192,"minecraft:deaths":2,"minecraft:sneak_time":27718,"minecraft:walk_under_water_one_cm":20611,"minecraft:boat_one_cm":287268,"minecraft:jump":1633,"minecraft:walk_on_water_one_cm":9555,"minecraft:total_world_time":202192,"minecraft:interact_with_furnace":66,"minecraft:sleep_in_bed":1,"minecraft:time_since_rest":25807,"minecraft:damage_taken":2438,"minecraft:damage_dealt":10652,"minecraft:swim_one_cm":26627,"minecraft:fly_one_cm":254221,"minecraft:open_chest":48,"minecraft:crouch_one_cm":146448,"minecraft:fall_one_cm":29642},"minecraft:mined":{"minecraft:dark_oak_planks":1,"minecraft:glow_lichen":1,"minecraft:granite":1,"minecraft:grass_block":840,"minecraft:jungle_planks":1,"minecraft:kelp":1,"minecraft:furnace":7,"minecraft:iron_ore":47,"minecraft:fire":2,"minecraft:andesite":3,"minecraft:deepslate_iron_ore":38,"minecraft:stone":40,"minecraft:crafting_table":8,"minecraft:chest":4,"minecraft:tall_grass":16,"minecraft:cobblestone":3,"minecraft:deepslate_gold_ore":11,"minecraft:oak_planks":3,"minecraft:birch_leaves":6,"minecraft:grass":88,"minecraft:oak_log":28,"minecraft:coal_ore":44,"minecraft:gravel":1,"minecraft:sand":116,"minecraft:dirt":302,"minecraft:oak_leaves":124,"minecraft:deepslate":14},"minecraft:killed":{"minecraft:spider":5,"minecraft:cod":3,"minecraft:skeleton":7,"minecraft:drowned":3,"minecraft:pig":10,"minecraft:zombie_villager":1,"minecraft:sheep":6,"minecraft:zombie":25},"minecraft:killed_by":{"minecraft:creeper":1,"minecraft:skeleton":1},"minecraft:broken":{"minecraft:wooden_shovel":1,"minecraft:stone_pickaxe":1,"minecraft:wooden_axe":1,"minecraft:stone_shovel":8}},"DataVersion":3465}