{"stats":{"minecraft:crafted":{"minecraft:oak_planks":100,"minecraft:stone_shovel":9,"minecraft:oak_sign":3,"minecraft:cooked_chicken":4,"minecraft:furnace":4,"minecraft:cooked_mutton":10,"minecraft:iron_boots":2,"minecraft:iron_axe":1,"minecraft:stone_pickaxe":1,"minecraft:chest":2,"minecraft:cooked_beef":9,"minecraft:cooked_cod":2,"minecraft:wooden_shovel":1,"minecraft:cooked_porkchop":23,"minecraft:crafting_table":4,"minecraft:wooden_pickaxe":1,"minecraft:iron_helmet":2,"minecraft:iron_sword":2,"minecraft:bucket":1,"minecraft:air":0,"minecraft:oak_boat":1,"minecraft:iron_chestplate":2,"minecraft:shield":3,"minecraft:stick":72,"minecraft:iron_ingot":115,"minecraft:iron_pickaxe":2,"minecraft:wooden_axe":1,"minecraft:iron_leggings":2,"minecraft:torch":164},"minecraft:mined":{"minecraft:dark_oak_planks":1,"minecraft:large_amethyst_bud":1,"minecraft:deepslate_diamond_ore":13,"minecraft:sculk_vein":2,"minecraft:glow_lichen":1,"minecraft:dark_oak_fence":6,"minecraft:granite":1,"minecraft:grass_block":840,"minecraft:jungle_planks":1,"minecraft:kelp":1,"minecraft:furnace":9,"minecraft:cobbled_deepslate":1,"minecraft:iron_ore":60,"minecraft:fire":2,"minecraft:andesite":3,"minecraft:deepslate_lapis_ore":4,"minecraft:deepslate_iron_ore":60,"minecraft:stone":63,"minecraft:medium_amethyst_bud":1,"minecraft:amethyst_cluster":1,"minecraft:crafting_table":14,"minecraft:emerald_ore":2,"minecraft:chest":4,"minecraft:tall_grass":22,"minecraft:cobblestone":8,"minecraft:deepslate_gold_ore":32,"minecraft:sugar_cane":2,"minecraft:oak_planks":3,"minecraft:sculk":13,"minecraft:birch_leaves":6,"minecraft:grass":107,"minecraft:oak_log":37,"minecraft:coal_ore":123,"minecraft:gravel":1,"minecraft:sand":116,"minecraft:dirt":302,"minecraft:oak_leaves":126,"minecraft:deepslate":65},"minecraft:killed":{"minecraft:spider":9,"minecraft:cod":3,"minecraft:skeleton":24,"minecraft:chicken":4,"minecraft:drowned":3,"minecraft:pig":15,"minecraft:zombie_villager":1,"minecraft:sheep":8,"minecraft:zombie":39,"minecraft:cow":5},"minecraft:killed_by":{"minecraft:creeper":2,"minecraft:skeleton":2,"minecraft:zombie":1},"minecraft:used":{"minecraft:flint_and_steel":1,"minecraft:carved_pumpkin":1,"minecraft:stone_shovel":1130,"minecraft:oak_sign":1,"minecraft:chest":6,"minecraft:shield":95,"minecraft:iron_sword":257,"minecraft:wooden_shovel":59,"minecraft:cooked_chicken":4,"minecraft:torch":137,"minecraft:dirt":74,"minecraft:jungle_planks":1,"minecraft:carrot":10,"minecraft:granite":1,"minecraft:dark_oak_planks":1,"minecraft:wooden_axe":41,"minecraft:iron_axe":8,"minecraft:iron_helmet":1,"minecraft:iron_boots":1,"minecraft:bow":12,"minecraft:furnace":11,"minecraft:cooked_cod":3,"minecraft:cooked_beef":7,"minecraft:cobbled_deepslate":40,"minecraft:iron_leggings":2,"minecraft:cooked_mutton":10,"minecraft:water_bucket":7,"minecraft:diorite":1,"minecraft:birch_planks":2,"minecraft:glass_bottle":1,"minecraft:stone_pickaxe":131,"minecraft:oak_planks":6,"minecraft:wooden_pickaxe":21,"minecraft:sugar_cane":6,"minecraft:sand":70,"minecraft:crafting_table":17,"minecraft:apple":2,"minecraft:bread":7,"minecraft:suspicious_stew":1,"minecraft:iron_pickaxe":311,"minecraft:gravel":1,"minecraft:stone_axe":83,"minecraft:cobblestone":43,"minecraft:potion":1,"minecraft:cooked_porkchop":27,"minecraft:andesite":7,"minecraft:bucket":9,"minecraft:oak_boat":1},"minecraft:dropped":{"minecraft:iron_ingot":22,"minecraft:wheat_seeds":14,"minecraft:feather":1,"minecraft:iron_helmet":2,"minecraft:leather":1,"minecraft:dirt":324,"minecraft:cooked_cod":6,"minecraft:potion":1,"minecraft:iron_leggings":2,"minecraft:white_wool":1,"minecraft:gravel":1,"minecraft:iron_nugget":6,"minecraft:cobbled_deepslate":5,"minecraft:rotten_flesh":34,"minecraft:iron_boots":1,"minecraft:filled_map":3,"minecraft:leather_chestplate":1,"minecraft:shield":1,"minecraft:iron_chestplate":1,"minecraft:oak_sapling":1,"minecraft:leather_leggings":1,"minecraft:spider_eye":2,"minecraft:bow":1},"minecraft:picked_up":{"minecraft:crafting_table":18,"minecraft:iron_chestplate":4,"minecraft:azure_bluet":4,"minecraft:chicken":6,"minecraft:shield":5,"minecraft:iron_axe":1,"minecraft:string":6,"minecraft:iron_leggings":5,"minecraft:oak_sign":2,"minecraft:cobbled_deepslate":148,"minecraft:beef":9,"minecraft:oak_boat":4,"minecraft:poppy":3,"minecraft:iron_pickaxe":3,"minecraft:sugar_cane":6,"minecraft:chest":4,"minecraft:egg":1,"minecraft:iron_boots":4,"minecraft:furnace":12,"minecraft:stick":16,"minecraft:raw_iron":182,"minecraft:torch":86,"minecraft:porkchop":30,"minecraft:diorite":1,"minecraft:golden_chestplate":3,"minecraft:dark_oak_planks":1,"minecraft:rotten_flesh":36,"minecraft:arrow":30,"minecraft:stone_shovel":4,"minecraft:cooked_cod":2,"minecraft:carved_pumpkin":2,"minecraft:mutton":16,"minecraft:cod":2,"minecraft:white_wool":9,"minecraft:cobblestone":86,"minecraft:oxeye_daisy":2,"minecraft:nautilus_shell":1,"minecraft:feather":9,"minecraft:cooked_beef":2,"minecraft:glow_ink_sac":24,"minecraft:water_bucket":3,"minecraft:andesite":7,"minecraft:leather":5,"minecraft:filled_map":2,"minecraft:birch_planks":19,"minecraft:oak_log":64,"minecraft:gunpowder":4,"minecraft:lapis_lazuli":42,"minecraft:dirt":1172,"minecraft:cooked_mutton":3,"minecraft:bone":49,"minecraft:apple":2,"minecraft:bow":7,"minecraft:wheat_seeds":28,"minecraft:raw_gold":55,"minecraft:stone_pickaxe":1,"minecraft:iron_ingot":84,"minecraft:cooked_chicken":2,"minecraft:iron_sword":5,"minecraft:oak_planks":88,"minecraft:cooked_porkchop":26,"minecraft:axolotl_bucket":1,"minecraft:dandelion":11,"minecraft:gravel":3,"minecraft:lava_bucket":1,"minecraft:jungle_planks":1,"minecraft:sand":118,"minecraft:amethyst_shard":12,"minecraft:spider_eye":3,"minecraft:diamond":31,"minecraft:stone_axe":3,"minecraft:iron_helmet":5,"minecraft:granite":1,"minecraft:emerald":4,"minecraft:bread":7,"minecraft:oak_sapling":7,"minecraft:dark_oak_fence":6,"minecraft:black_wool":1,"minecraft:coal":505},"minecraft:broken":{"minecraft:wooden_shovel":1,"minecraft:stone_pickaxe":1,"minecraft:shield":2,"minecraft:stone_axe":1,"minecraft:iron_pickaxe":1,"minecraft:wooden_axe":1,"minecraft:stone_shovel":8},"minecraft:custom":{"minecraft:mob_kills":114,"minecraft:interact_with_crafting_table":60,"minecraft:leave_game":23,"minecraft:time_since_death":4420,"minecraft:climb_one_cm":2384,"minecraft:sprint_one_cm":446582,"minecraft:walk_one_cm":539978,"minecraft:damage_blocked_by_shield":6105,"minecraft:drop":52,"minecraft:play_time":362798,"minecraft:deaths":5,"minecraft:sneak_time":37375,"minecraft:walk_under_water_one_cm":28182,"minecraft:boat_one_cm":287268,"minecraft:jump":2932,"minecraft:walk_on_water_one_cm":30680,"minecraft:total_world_time":362798,"minecraft:interact_with_furnace":118,"minecraft:sleep_in_bed":3,"minecraft:time_since_rest":6325,"minecraft:damage_taken":5744,"minecraft:damage_dealt":18036,"minecraft:swim_one_cm":55300,"minecraft:fly_one_cm":680340,"minecraft:open_chest":93,"minecraft:crouch_one_cm":170290,"minecraft:fall_one_cm":56048,"minecraft:horse_one_cm":8}},"DataVersion":3465}