{"stats":{"minecraft:crafted":{"minecraft:oak_boat":1,"minecraft:oak_planks":32,"minecraft:wooden_shovel":1,"minecraft:crafting_table":2,"minecraft:stick":8,"minecraft:wooden_axe":1},"minecraft:picked_up":{"minecraft:stick":8,"minecraft:crafting_table":1,"minecraft:feather":4,"minecraft:gravel":1,"minecraft:birch_planks":19,"minecraft:filled_map":1,"minecraft:jungle_planks":1,"minecraft:sand":118,"minecraft:oak_log":32,"minecraft:dirt":7,"minecraft:dark_oak_planks":1,"minecraft:apple":2,"minecraft:wheat_seeds":2,"minecraft:carved_pumpkin":2,"minecraft:oak_boat":1,"minecraft:oak_sapling":7,"minecraft:oak_planks":34,"minecraft:cod":2,"minecraft:nautilus_shell":1},"minecraft:dropped":{"minecraft:filled_map":2,"minecraft:cooked_cod":6,"minecraft:oak_sapling":1,"minecraft:potion":1},"minecraft:used":{"minecraft:wooden_axe":41,"minecraft:dark_oak_planks":1,"minecraft:apple":2,"minecraft:birch_planks":2,"minecraft:glass_bottle":1,"minecraft:suspicious_stew":1,"minecraft:oak_planks":5,"minecraft:wooden_shovel":51,"minecraft:sand":70,"minecraft:potion":1,"minecraft:crafting_table":3,"minecraft:cooked_cod":1,"minecraft:jungle_planks":1,"minecraft:oak_boat":1},"minecraft:custom":{"minecraft:time_since_rest":26483,"minecraft:sprint_one_cm":61061,"minecraft:damage_taken":436,"minecraft:walk_one_cm":88987,"minecraft:mob_kills":7,"minecraft:drop":9,"minecraft:damage_dealt":1042,"minecraft:swim_one_cm":23266,"minecraft:interact_with_crafting_table":3,"minecraft:fly_one_cm":74460,"minecraft:open_chest":8,"minecraft:crouch_one_cm":28136,"minecraft:play_time":74582,"minecraft:deaths":1,"minecraft:sneak_time":6771,"minecraft:walk_under_water_one_cm":20051,"minecraft:boat_one_cm":287268,"minecraft:jump":466,"minecraft:leave_game":16,"minecraft:time_since_death":26457,"minecraft:walk_on_water_one_cm":6610,"minecraft:total_world_time":74582,"minecraft:fall_one_cm":9603},"minecraft:mined":{"minecraft:dark_oak_planks":1,"minecraft:birch_leaves":6,"minecraft:crafting_table":1,"minecraft:grass":4,"minecraft:grass_block":7,"minecraft:oak_log":24,"minecraft:jungle_planks":1,"minecraft:gravel":1,"minecraft:sand":116,"minecraft:kelp":1,"minecraft:oak_planks":3,"minecraft:oak_leaves":121},"minecraft:killed":{"minecraft:zombie":1,"minecraft:drowned":3,"minecraft:cod":3},"minecraft:killed_by":{"minecraft:skeleton":1},"minecraft:broken":{"minecraft:wooden_axe":1}},"DataVersion":3465}