{"stats":{"minecraft:crafted":{"minecraft:oak_planks":100,"minecraft:stone_shovel":9,"minecraft:oak_sign":3,"minecraft:cooked_chicken":3,"minecraft:furnace":2,"minecraft:cooked_mutton":10,"minecraft:iron_boots":2,"minecraft:stone_pickaxe":1,"minecraft:chest":2,"minecraft:cooked_beef":7,"minecraft:cooked_cod":2,"minecraft:wooden_shovel":1,"minecraft:cooked_porkchop":19,"minecraft:crafting_table":4,"minecraft:wooden_pickaxe":1,"minecraft:iron_helmet":2,"minecraft:iron_sword":1,"minecraft:bucket":1,"minecraft:air":0,"minecraft:oak_boat":1,"minecraft:iron_chestplate":2,"minecraft:shield":2,"minecraft:stick":60,"minecraft:iron_ingot":109,"minecraft:iron_pickaxe":1,"minecraft:wooden_axe":1,"minecraft:iron_leggings":2,"minecraft:torch":128},"minecraft:mined":{"minecraft:dark_oak_planks":1,"minecraft:large_amethyst_bud":1,"minecraft:deepslate_diamond_ore":13,"minecraft:sculk_vein":2,"minecraft:glow_lichen":1,"minecraft:dark_oak_fence":6,"minecraft:granite":1,"minecraft:grass_block":840,"minecraft:jungle_planks":1,"minecraft:kelp":1,"minecraft:furnace":7,"minecraft:iron_ore":47,"minecraft:fire":2,"minecraft:andesite":3,"minecraft:deepslate_iron_ore":46,"minecraft:stone":42,"minecraft:medium_amethyst_bud":1,"minecraft:amethyst_cluster":1,"minecraft:crafting_table":10,"minecraft:chest":4,"minecraft:tall_grass":19,"minecraft:cobblestone":3,"minecraft:deepslate_gold_ore":28,"minecraft:oak_planks":3,"minecraft:sculk":13,"minecraft:birch_leaves":6,"minecraft:grass":97,"minecraft:oak_log":28,"minecraft:coal_ore":44,"minecraft:gravel":1,"minecraft:sand":116,"minecraft:dirt":302,"minecraft:oak_leaves":124,"minecraft:deepslate":50},"minecraft:killed":{"minecraft:spider":9,"minecraft:cod":3,"minecraft:skeleton":19,"minecraft:chicken":4,"minecraft:drowned":3,"minecraft:pig":12,"minecraft:zombie_villager":1,"minecraft:sheep":7,"minecraft:zombie":34,"minecraft:cow":4},"minecraft:killed_by":{"minecraft:creeper":2,"minecraft:skeleton":1},"minecraft:used":{"minecraft:flint_and_steel":1,"minecraft:carved_pumpkin":1,"minecraft:stone_shovel":1130,"minecraft:oak_sign":1,"minecraft:chest":6,"minecraft:shield":84,"minecraft:iron_sword":219,"minecraft:wooden_shovel":59,"minecraft:cooked_chicken":2,"minecraft:torch":115,"minecraft:dirt":74,"minecraft:jungle_planks":1,"minecraft:carrot":10,"minecraft:granite":1,"minecraft:dark_oak_planks":1,"minecraft:wooden_axe":41,"minecraft:iron_helmet":1,"minecraft:iron_boots":1,"minecraft:bow":7,"minecraft:furnace":9,"minecraft:cooked_cod":3,"minecraft:cooked_beef":7,"minecraft:cobbled_deepslate":21,"minecraft:iron_leggings":2,"minecraft:cooked_mutton":10,"minecraft:water_bucket":7,"minecraft:diorite":1,"minecraft:birch_planks":2,"minecraft:glass_bottle":1,"minecraft:stone_pickaxe":131,"minecraft:oak_planks":6,"minecraft:wooden_pickaxe":21,"minecraft:sand":70,"minecraft:crafting_table":13,"minecraft:apple":2,"minecraft:bread":7,"minecraft:suspicious_stew":1,"minecraft:iron_pickaxe":151,"minecraft:gravel":1,"minecraft:stone_axe":76,"minecraft:cobblestone":28,"minecraft:potion":1,"minecraft:cooked_porkchop":17,"minecraft:andesite":7,"minecraft:bucket":9,"minecraft:oak_boat":1},"minecraft:dropped":{"minecraft:iron_ingot":22,"minecraft:wheat_seeds":12,"minecraft:feather":1,"minecraft:iron_helmet":2,"minecraft:dirt":324,"minecraft:cooked_cod":6,"minecraft:potion":1,"minecraft:iron_leggings":2,"minecraft:white_wool":1,"minecraft:gravel":1,"minecraft:iron_nugget":6,"minecraft:cobbled_deepslate":5,"minecraft:rotten_flesh":31,"minecraft:iron_boots":1,"minecraft:filled_map":3,"minecraft:leather_chestplate":1,"minecraft:shield":1,"minecraft:iron_chestplate":1,"minecraft:oak_sapling":1,"minecraft:leather_leggings":1,"minecraft:spider_eye":2,"minecraft:bow":1},"minecraft:picked_up":{"minecraft:crafting_table":12,"minecraft:iron_chestplate":2,"minecraft:azure_bluet":4,"minecraft:chicken":5,"minecraft:shield":3,"minecraft:string":4,"minecraft:iron_leggings":3,"minecraft:oak_sign":2,"minecraft:cobbled_deepslate":98,"minecraft:beef":7,"minecraft:oak_boat":2,"minecraft:poppy":3,"minecraft:iron_pickaxe":1,"minecraft:chest":4,"minecraft:egg":1,"minecraft:iron_boots":2,"minecraft:furnace":8,"minecraft:stick":14,"minecraft:raw_iron":131,"minecraft:torch":37,"minecraft:porkchop":26,"minecraft:diorite":1,"minecraft:golden_chestplate":2,"minecraft:dark_oak_planks":1,"minecraft:rotten_flesh":31,"minecraft:arrow":15,"minecraft:stone_shovel":2,"minecraft:cooked_cod":2,"minecraft:carved_pumpkin":2,"minecraft:mutton":15,"minecraft:cod":2,"minecraft:white_wool":7,"minecraft:cobblestone":49,"minecraft:oxeye_daisy":2,"minecraft:nautilus_shell":1,"minecraft:feather":9,"minecraft:glow_ink_sac":12,"minecraft:water_bucket":1,"minecraft:andesite":7,"minecraft:leather":4,"minecraft:filled_map":2,"minecraft:birch_planks":19,"minecraft:oak_log":46,"minecraft:gunpowder":4,"minecraft:dirt":1172,"minecraft:cooked_mutton":1,"minecraft:bone":31,"minecraft:apple":2,"minecraft:bow":5,"minecraft:wheat_seeds":26,"minecraft:raw_gold":37,"minecraft:stone_pickaxe":1,"minecraft:iron_ingot":37,"minecraft:cooked_chicken":1,"minecraft:iron_sword":2,"minecraft:oak_planks":58,"minecraft:cooked_porkchop":9,"minecraft:axolotl_bucket":1,"minecraft:dandelion":11,"minecraft:gravel":3,"minecraft:lava_bucket":1,"minecraft:jungle_planks":1,"minecraft:sand":118,"minecraft:amethyst_shard":8,"minecraft:spider_eye":3,"minecraft:diamond":18,"minecraft:stone_axe":2,"minecraft:iron_helmet":3,"minecraft:granite":1,"minecraft:bread":7,"minecraft:oak_sapling":7,"minecraft:dark_oak_fence":6,"minecraft:black_wool":1,"minecraft:coal":316},"minecraft:broken":{"minecraft:wooden_shovel":1,"minecraft:stone_pickaxe":1,"minecraft:shield":1,"minecraft:wooden_axe":1,"minecraft:stone_shovel":8},"minecraft:custom":{"minecraft:mob_kills":98,"minecraft:interact_with_crafting_table":55,"minecraft:leave_game":23,"minecraft:time_since_death":64866,"minecraft:climb_one_cm":1649,"minecraft:sprint_one_cm":367636,"minecraft:walk_one_cm":487646,"minecraft:damage_blocked_by_shield":5295,"minecraft:drop":46,"minecraft:play_time":302798,"minecraft:deaths":3,"minecraft:sneak_time":31934,"minecraft:walk_under_water_one_cm":26105,"minecraft:boat_one_cm":287268,"minecraft:jump":2416,"minecraft:walk_on_water_one_cm":24864,"minecraft:total_world_time":302798,"minecraft:interact_with_furnace":104,"minecraft:sleep_in_bed":2,"minecraft:time_since_rest":2190,"minecraft:damage_taken":4409,"minecraft:damage_dealt":15997,"minecraft:swim_one_cm":43099,"minecraft:fly_one_cm":530518,"minecraft:open_chest":83,"minecraft:crouch_one_cm":155930,"minecraft:fall_one_cm":45705}},"DataVersion":3465}