{"stats":{"minecraft:picked_up":{"minecraft:stick":1,"minecraft:wheat_seeds":2,"minecraft:sand":39,"minecraft:oak_log":13,"minecraft:oak_sapling":6,"minecraft:dirt":2},"minecraft:custom":{"minecraft:time_since_rest":12021,"minecraft:crouch_one_cm":11513,"minecraft:sprint_one_cm":14766,"minecraft:play_time":12021,"minecraft:damage_taken":25,"minecraft:walk_one_cm":26311,"minecraft:sneak_time":2616,"minecraft:drop":2,"minecraft:jump":99,"minecraft:damage_dealt":46,"minecraft:leave_game":1,"minecraft:time_since_death":12021,"minecraft:total_world_time":12021,"minecraft:fall_one_cm":836,"minecraft:fly_one_cm":14056},"minecraft:used":{"minecraft:sand":20,"minecraft:oak_sapling":1},"minecraft:mined":{"minecraft:grass":15,"minecraft:grass_block":2,"minecraft:oak_log":13,"minecraft:sand":36,"minecraft:oak_leaves":92},"minecraft:dropped":{"minecraft:sand":11,"minecraft:wheat_seeds":2}},"DataVersion":3465}