{"stats":{"minecraft:custom":{"minecraft:time_since_rest":9050,"minecraft:damage_taken":275,"minecraft:crouch_one_cm":14482,"minecraft:play_time":22609,"minecraft:sprint_one_cm":25361,"minecraft:deaths":1,"minecraft:walk_one_cm":47464,"minecraft:sneak_time":3136,"minecraft:walk_under_water_one_cm":3348,"minecraft:drop":2,"minecraft:jump":201,"minecraft:damage_dealt":158,"minecraft:leave_game":2,"minecraft:time_since_death":9022,"minecraft:walk_on_water_one_cm":685,"minecraft:total_world_time":22609,"minecraft:fall_one_cm":3845,"minecraft:fly_one_cm":29280},"minecraft:picked_up":{"minecraft:white_banner":1,"minecraft:stick":1,"minecraft:wheat_seeds":2,"minecraft:sand":39,"minecraft:oak_log":13,"minecraft:oak_sapling":8,"minecraft:goat_horn":1,"minecraft:dirt":2},"minecraft:used":{"minecraft:oak_log":2,"minecraft:sand":20,"minecraft:goat_horn":1,"minecraft:oak_sapling":2},"minecraft:mined":{"minecraft:grass":16,"minecraft:grass_block":2,"minecraft:oak_log":13,"minecraft:sand":36,"minecraft:oak_leaves":118},"minecraft:dropped":{"minecraft:sand":11,"minecraft:wheat_seeds":2},"minecraft:killed_by":{"minecraft:zombie":1}},"DataVersion":3465}