{"stats":{"minecraft:custom":{"minecraft:time_since_rest":59557,"minecraft:damage_taken":295,"minecraft:crouch_one_cm":18092,"minecraft:play_time":73116,"minecraft:sprint_one_cm":30560,"minecraft:walk_one_cm":59259,"minecraft:deaths":1,"minecraft:sneak_time":3872,"minecraft:walk_under_water_one_cm":3348,"minecraft:drop":2,"minecraft:jump":261,"minecraft:damage_dealt":158,"minecraft:leave_game":7,"minecraft:time_since_death":59529,"minecraft:walk_on_water_one_cm":685,"minecraft:total_world_time":73116,"minecraft:fly_one_cm":35682,"minecraft:fall_one_cm":6034},"minecraft:picked_up":{"minecraft:white_banner":1,"minecraft:stick":1,"minecraft:wheat_seeds":2,"minecraft:sand":53,"minecraft:oak_log":18,"minecraft:oak_sapling":10,"minecraft:dirt":2,"minecraft:goat_horn":1},"minecraft:used":{"minecraft:oak_log":2,"minecraft:sand":29,"minecraft:goat_horn":1,"minecraft:oak_sapling":2,"minecraft:white_banner":1},"minecraft:mined":{"minecraft:grass":16,"minecraft:grass_block":2,"minecraft:oak_log":18,"minecraft:sand":50,"minecraft:oak_leaves":129},"minecraft:dropped":{"minecraft:sand":11,"minecraft:wheat_seeds":2},"minecraft:killed_by":{"minecraft:zombie":1}},"DataVersion":3465}