{"stats":{"minecraft:custom":{"minecraft:time_since_rest":26094,"minecraft:damage_taken":275,"minecraft:crouch_one_cm":16046,"minecraft:play_time":39653,"minecraft:sprint_one_cm":28093,"minecraft:walk_one_cm":51084,"minecraft:deaths":1,"minecraft:sneak_time":3442,"minecraft:walk_under_water_one_cm":3348,"minecraft:drop":2,"minecraft:jump":229,"minecraft:damage_dealt":158,"minecraft:leave_game":3,"minecraft:time_since_death":26066,"minecraft:walk_on_water_one_cm":685,"minecraft:total_world_time":39653,"minecraft:fly_one_cm":32817,"minecraft:fall_one_cm":4532},"minecraft:picked_up":{"minecraft:white_banner":1,"minecraft:stick":1,"minecraft:wheat_seeds":2,"minecraft:sand":39,"minecraft:oak_log":18,"minecraft:oak_sapling":10,"minecraft:dirt":2,"minecraft:goat_horn":1},"minecraft:used":{"minecraft:oak_log":2,"minecraft:sand":20,"minecraft:white_banner":1,"minecraft:goat_horn":1,"minecraft:oak_sapling":2},"minecraft:mined":{"minecraft:grass":16,"minecraft:grass_block":2,"minecraft:oak_log":18,"minecraft:sand":36,"minecraft:oak_leaves":128},"minecraft:dropped":{"minecraft:sand":11,"minecraft:wheat_seeds":2},"minecraft:killed_by":{"minecraft:zombie":1}},"DataVersion":3465}