{"stats":{"minecraft:crafted":{"minecraft:cooked_beef":3,"minecraft:wooden_sword":3,"minecraft:oak_planks":288,"minecraft:stone_shovel":1,"minecraft:oak_sign":3,"minecraft:crafting_table":2,"minecraft:iron_helmet":1,"minecraft:baked_potato":22,"minecraft:wooden_pickaxe":3,"minecraft:furnace":1,"minecraft:bone_meal":24,"minecraft:stone_axe":1,"minecraft:bread":2,"minecraft:air":0,"minecraft:oak_fence_gate":2,"minecraft:iron_boots":1,"minecraft:iron_chestplate":1,"minecraft:stick":84,"minecraft:stone_pickaxe":2,"minecraft:wooden_axe":3,"minecraft:iron_leggings":1,"minecraft:stone_sword":1,"minecraft:white_bed":1,"minecraft:torch":8,"minecraft:oak_fence":39,"minecraft:shears":1},"minecraft:picked_up":{"minecraft:wooden_axe":2,"minecraft:birch_log":2,"minecraft:crafting_table":10,"minecraft:iron_chestplate":2,"minecraft:wheat":16,"minecraft:azure_bluet":8,"minecraft:cooked_beef":3,"minecraft:lead":2,"minecraft:wooden_pickaxe":1,"minecraft:potato":77,"minecraft:oak_log":148,"minecraft:string":12,"minecraft:cornflower":4,"minecraft:dirt":152,"minecraft:wooden_sword":2,"minecraft:pufferfish":3,"minecraft:bone":16,"minecraft:oak_sign":2,"minecraft:apple":1,"minecraft:wheat_seeds":155,"minecraft:cobbled_deepslate":3,"minecraft:bucket":1,"minecraft:iron_ingot":2,"minecraft:beef":3,"minecraft:stone_pickaxe":2,"minecraft:poppy":12,"minecraft:birch_sapling":2,"minecraft:oak_planks":24,"minecraft:iron_boots":2,"minecraft:egg":4,"minecraft:raw_iron":14,"minecraft:stick":17,"minecraft:oak_door":4,"minecraft:oak_fence":9,"minecraft:torch":6,"minecraft:dandelion":50,"minecraft:poisonous_potato":2,"minecraft:gravel":2,"minecraft:lava_bucket":1,"minecraft:golden_axe":1,"minecraft:white_bed":2,"minecraft:carrot":91,"minecraft:spider_eye":4,"minecraft:stone_sword":1,"minecraft:stone_shovel":1,"minecraft:arrow":10,"minecraft:rotten_flesh":24,"minecraft:cooked_cod":3,"minecraft:stone_axe":1,"minecraft:nether_bricks":33,"minecraft:shears":1,"minecraft:granite":8,"minecraft:carved_pumpkin":2,"minecraft:bread":28,"minecraft:baked_potato":8,"minecraft:cod":1,"minecraft:oak_sapling":25,"minecraft:coal":84,"minecraft:white_wool":18,"minecraft:cobblestone":252,"minecraft:oxeye_daisy":15},"minecraft:dropped":{"minecraft:bread":1,"minecraft:crafting_table":1,"minecraft:oak_fence":1,"minecraft:golden_axe":1,"minecraft:rotten_flesh":12,"minecraft:oxeye_daisy":10},"minecraft:custom":{"minecraft:interact_with_furnace":24,"minecraft:mob_kills":10,"minecraft:animals_bred":8,"minecraft:interact_with_crafting_table":27,"minecraft:leave_game":6,"minecraft:time_since_death":3647,"minecraft:sleep_in_bed":1,"minecraft:climb_one_cm":1395,"minecraft:time_since_rest":3680,"minecraft:sprint_one_cm":384737,"minecraft:damage_taken":3316,"minecraft:walk_one_cm":453875,"minecraft:drop":8,"minecraft:damage_dealt":2510,"minecraft:swim_one_cm":49517,"minecraft:fly_one_cm":577053,"minecraft:open_chest":10,"minecraft:crouch_one_cm":2616,"minecraft:play_time":140011,"minecraft:sneak_time":775,"minecraft:deaths":5,"minecraft:walk_under_water_one_cm":10472,"minecraft:jump":2743,"minecraft:walk_on_water_one_cm":29997,"minecraft:total_world_time":140011,"minecraft:fall_one_cm":64715,"minecraft:horse_one_cm":5441},"minecraft:used":{"minecraft:wheat_seeds":21,"minecraft:stone_sword":24,"minecraft:stone_shovel":76,"minecraft:stone_pickaxe":58,"minecraft:baked_potato":16,"minecraft:oak_sign":1,"minecraft:wooden_pickaxe":151,"minecraft:rotten_flesh":3,"minecraft:torch":6,"minecraft:dirt":117,"minecraft:crafting_table":9,"minecraft:carrot":46,"minecraft:white_bed":1,"minecraft:granite":5,"minecraft:oak_fence_gate":2,"minecraft:wooden_axe":113,"minecraft:bread":19,"minecraft:iron_boots":1,"minecraft:wooden_sword":38,"minecraft:cobblestone":15,"minecraft:oak_sapling":9,"minecraft:furnace":1,"minecraft:cooked_cod":1,"minecraft:potato":11,"minecraft:oak_fence":47,"minecraft:bone_meal":24},"minecraft:mined":{"minecraft:white_bed":2,"minecraft:dandelion":23,"minecraft:oak_fence":8,"minecraft:crafting_table":8,"minecraft:cornflower":2,"minecraft:granite":8,"minecraft:grass_block":51,"minecraft:poppy":6,"minecraft:tall_grass":135,"minecraft:oak_planks":7,"minecraft:oxeye_daisy":5,"minecraft:wall_torch":2,"minecraft:tall_seagrass":1,"minecraft:carrots":23,"minecraft:wheat":16,"minecraft:azure_bluet":4,"minecraft:grass":281,"minecraft:potatoes":10,"minecraft:oak_log":106,"minecraft:coal_ore":43,"minecraft:dirt_path":20,"minecraft:gravel":3,"minecraft:dirt":9,"minecraft:stone":153,"minecraft:oak_leaves":28,"minecraft:deepslate":3},"minecraft:killed":{"minecraft:spider":3,"minecraft:slime":2,"minecraft:skeleton":3,"minecraft:zombie":1},"minecraft:killed_by":{"minecraft:skeleton":3,"minecraft:zombie":1},"minecraft:broken":{"minecraft:wooden_axe":1,"minecraft:wooden_pickaxe":1}},"DataVersion":3465}