{"stats":{"minecraft:crafted":{"minecraft:cooked_beef":3,"minecraft:wooden_sword":1,"minecraft:oak_planks":172,"minecraft:crafting_table":1,"minecraft:wooden_pickaxe":1,"minecraft:air":0,"minecraft:stick":24,"minecraft:stone_pickaxe":1,"minecraft:wooden_axe":2,"minecraft:white_bed":1,"minecraft:torch":8,"minecraft:shears":1},"minecraft:mined":{"minecraft:white_bed":2,"minecraft:crafting_table":5,"minecraft:grass_block":4,"minecraft:tall_grass":31,"minecraft:wall_torch":2,"minecraft:grass":27,"minecraft:oak_log":45,"minecraft:coal_ore":42,"minecraft:gravel":1,"minecraft:dirt":3,"minecraft:stone":75,"minecraft:oak_leaves":17},"minecraft:killed":{"minecraft:spider":3,"minecraft:skeleton":3},"minecraft:killed_by":{"minecraft:skeleton":2},"minecraft:used":{"minecraft:stone_pickaxe":58,"minecraft:wooden_pickaxe":59,"minecraft:rotten_flesh":1,"minecraft:torch":6,"minecraft:dirt":47,"minecraft:crafting_table":5,"minecraft:white_bed":1,"minecraft:wooden_axe":59,"minecraft:bread":17,"minecraft:wooden_sword":38,"minecraft:oak_sapling":9},"minecraft:dropped":{"minecraft:bread":1,"minecraft:rotten_flesh":12},"minecraft:picked_up":{"minecraft:wooden_axe":1,"minecraft:iron_chestplate":2,"minecraft:crafting_table":6,"minecraft:cooked_beef":3,"minecraft:oak_log":55,"minecraft:dirt":76,"minecraft:string":12,"minecraft:wooden_sword":1,"minecraft:bone":8,"minecraft:apple":1,"minecraft:wheat_seeds":18,"minecraft:beef":3,"minecraft:iron_ingot":2,"minecraft:stone_pickaxe":1,"minecraft:birch_sapling":2,"minecraft:oak_planks":3,"minecraft:iron_boots":2,"minecraft:stick":2,"minecraft:raw_iron":14,"minecraft:oak_door":4,"minecraft:torch":6,"minecraft:gravel":2,"minecraft:white_bed":2,"minecraft:spider_eye":4,"minecraft:rotten_flesh":13,"minecraft:arrow":10,"minecraft:shears":1,"minecraft:carved_pumpkin":2,"minecraft:bread":28,"minecraft:oak_sapling":15,"minecraft:coal":82,"minecraft:white_wool":17,"minecraft:cobblestone":147},"minecraft:broken":{"minecraft:wooden_axe":1,"minecraft:wooden_pickaxe":1},"minecraft:custom":{"minecraft:interact_with_furnace":3,"minecraft:mob_kills":7,"minecraft:interact_with_crafting_table":5,"minecraft:leave_game":2,"minecraft:time_since_death":4540,"minecraft:sleep_in_bed":1,"minecraft:time_since_rest":4638,"minecraft:sprint_one_cm":137182,"minecraft:damage_taken":1411,"minecraft:walk_one_cm":141151,"minecraft:drop":3,"minecraft:damage_dealt":1574,"minecraft:swim_one_cm":3083,"minecraft:fly_one_cm":181278,"minecraft:crouch_one_cm":2058,"minecraft:play_time":47986,"minecraft:deaths":2,"minecraft:sneak_time":458,"minecraft:walk_under_water_one_cm":419,"minecraft:jump":939,"minecraft:walk_on_water_one_cm":3355,"minecraft:total_world_time":47986,"minecraft:fall_one_cm":22187}},"DataVersion":3465}