{"stats":{"minecraft:picked_up":{"minecraft:wooden_axe":2,"minecraft:birch_log":2,"minecraft:iron_chestplate":2,"minecraft:crafting_table":10,"minecraft:wheat":21,"minecraft:azure_bluet":8,"minecraft:cooked_beef":3,"minecraft:lead":2,"minecraft:wooden_pickaxe":1,"minecraft:potato":77,"minecraft:oak_log":148,"minecraft:cornflower":4,"minecraft:string":12,"minecraft:dirt":154,"minecraft:wooden_sword":2,"minecraft:pufferfish":3,"minecraft:bone":18,"minecraft:oak_sign":2,"minecraft:apple":1,"minecraft:bow":1,"minecraft:wheat_seeds":176,"minecraft:cobbled_deepslate":3,"minecraft:bucket":1,"minecraft:iron_ingot":2,"minecraft:beef":3,"minecraft:stone_pickaxe":2,"minecraft:poppy":12,"minecraft:birch_sapling":2,"minecraft:oak_planks":24,"minecraft:iron_boots":2,"minecraft:egg":6,"minecraft:raw_iron":14,"minecraft:stick":17,"minecraft:oak_door":4,"minecraft:oak_fence":9,"minecraft:torch":6,"minecraft:dandelion":51,"minecraft:poisonous_potato":2,"minecraft:gravel":2,"minecraft:lava_bucket":1,"minecraft:golden_axe":1,"minecraft:white_bed":2,"minecraft:carrot":91,"minecraft:spider_eye":4,"minecraft:stone_sword":1,"minecraft:arrow":12,"minecraft:stone_shovel":1,"minecraft:rotten_flesh":24,"minecraft:cooked_cod":3,"minecraft:stone_axe":1,"minecraft:nether_bricks":66,"minecraft:shears":1,"minecraft:granite":8,"minecraft:carved_pumpkin":2,"minecraft:saddle":1,"minecraft:bread":28,"minecraft:baked_potato":8,"minecraft:oak_sapling":25,"minecraft:coal":84,"minecraft:cod":1,"minecraft:white_wool":18,"minecraft:cobblestone":252,"minecraft:oxeye_daisy":15},"minecraft:custom":{"minecraft:interact_with_furnace":29,"minecraft:mob_kills":12,"minecraft:animals_bred":8,"minecraft:interact_with_crafting_table":29,"minecraft:leave_game":10,"minecraft:time_since_death":18254,"minecraft:sleep_in_bed":1,"minecraft:climb_one_cm":1395,"minecraft:time_since_rest":18287,"minecraft:sprint_one_cm":428625,"minecraft:damage_taken":3562,"minecraft:walk_one_cm":496195,"minecraft:drop":16,"minecraft:damage_dealt":2786,"minecraft:swim_one_cm":54391,"minecraft:fly_one_cm":692260,"minecraft:play_time":154618,"minecraft:open_chest":13,"minecraft:crouch_one_cm":2716,"minecraft:sneak_time":809,"minecraft:deaths":5,"minecraft:walk_under_water_one_cm":10728,"minecraft:jump":3094,"minecraft:walk_on_water_one_cm":31104,"minecraft:total_world_time":154618,"minecraft:fall_one_cm":72132,"minecraft:horse_one_cm":40788},"minecraft:killed_by":{"minecraft:skeleton":3,"minecraft:zombie":1},"minecraft:used":{"minecraft:wheat_seeds":26,"minecraft:stone_sword":31,"minecraft:stone_shovel":77,"minecraft:stone_pickaxe":58,"minecraft:baked_potato":24,"minecraft:oak_sign":1,"minecraft:chest":2,"minecraft:wooden_pickaxe":151,"minecraft:rotten_flesh":3,"minecraft:torch":6,"minecraft:dirt":117,"minecraft:crafting_table":9,"minecraft:carrot":46,"minecraft:white_bed":1,"minecraft:granite":5,"minecraft:oak_fence_gate":2,"minecraft:wooden_axe":113,"minecraft:bread":19,"minecraft:iron_boots":1,"minecraft:wooden_sword":38,"minecraft:cobblestone":15,"minecraft:oak_sapling":9,"minecraft:furnace":1,"minecraft:cooked_cod":1,"minecraft:potato":11,"minecraft:oak_fence":47,"minecraft:bone_meal":24},"minecraft:broken":{"minecraft:wooden_axe":1,"minecraft:wooden_pickaxe":1},"minecraft:killed":{"minecraft:spider":3,"minecraft:slime":2,"minecraft:skeleton":4,"minecraft:pillager":1,"minecraft:zombie":1},"minecraft:dropped":{"minecraft:bread":1,"minecraft:wheat_seeds":33,"minecraft:crafting_table":1,"minecraft:poisonous_potato":1,"minecraft:oak_fence":1,"minecraft:golden_axe":1,"minecraft:rotten_flesh":17,"minecraft:nether_bricks":33,"minecraft:pufferfish":3,"minecraft:oxeye_daisy":10,"minecraft:wooden_axe":1,"minecraft:wooden_pickaxe":1},"minecraft:mined":{"minecraft:white_bed":2,"minecraft:dandelion":24,"minecraft:oak_fence":8,"minecraft:cornflower":2,"minecraft:crafting_table":8,"minecraft:granite":8,"minecraft:grass_block":53,"minecraft:poppy":6,"minecraft:tall_grass":146,"minecraft:oak_planks":7,"minecraft:oxeye_daisy":5,"minecraft:wall_torch":2,"minecraft:tall_seagrass":1,"minecraft:carrots":23,"minecraft:wheat":21,"minecraft:azure_bluet":4,"minecraft:grass":299,"minecraft:potatoes":10,"minecraft:coal_ore":43,"minecraft:oak_log":106,"minecraft:dirt_path":20,"minecraft:gravel":3,"minecraft:dirt":9,"minecraft:stone":153,"minecraft:oak_leaves":28,"minecraft:deepslate":3},"minecraft:crafted":{"minecraft:cooked_beef":3,"minecraft:wooden_sword":3,"minecraft:oak_planks":400,"minecraft:stone_shovel":1,"minecraft:oak_sign":3,"minecraft:crafting_table":2,"minecraft:iron_helmet":1,"minecraft:wooden_pickaxe":3,"minecraft:baked_potato":26,"minecraft:furnace":1,"minecraft:bone_meal":24,"minecraft:stone_axe":1,"minecraft:bread":2,"minecraft:air":0,"minecraft:oak_fence_gate":2,"minecraft:iron_boots":1,"minecraft:iron_chestplate":1,"minecraft:charcoal":4,"minecraft:stick":84,"minecraft:stone_pickaxe":2,"minecraft:wooden_axe":3,"minecraft:stone_sword":1,"minecraft:chest":2,"minecraft:iron_leggings":1,"minecraft:white_bed":1,"minecraft:torch":8,"minecraft:oak_fence":39,"minecraft:shears":1}},"DataVersion":3465}