{"stats":{"minecraft:picked_up":{"minecraft:wooden_axe":2,"minecraft:iron_chestplate":3,"minecraft:charcoal":8,"minecraft:crafting_table":12,"minecraft:wheat":71,"minecraft:azure_bluet":8,"minecraft:lead":2,"minecraft:wooden_pickaxe":1,"minecraft:enchanted_book":2,"minecraft:shield":1,"minecraft:cornflower":4,"minecraft:string":26,"minecraft:raw_copper":38,"minecraft:wooden_sword":2,"minecraft:iron_leggings":1,"minecraft:pufferfish":3,"minecraft:oak_sign":2,"minecraft:gold_nugget":1,"minecraft:cobbled_deepslate":3,"minecraft:bucket":1,"minecraft:beef":3,"minecraft:oak_boat":5,"minecraft:wooden_shovel":2,"minecraft:poppy":12,"minecraft:iron_pickaxe":1,"minecraft:sugar_cane":14,"minecraft:birch_sapling":2,"minecraft:iron_boots":3,"minecraft:egg":35,"minecraft:stick":42,"minecraft:raw_iron":28,"minecraft:oak_door":4,"minecraft:oak_fence":36,"minecraft:torch":55,"minecraft:porkchop":3,"minecraft:golden_axe":1,"minecraft:carrot":169,"minecraft:stone_sword":3,"minecraft:arrow":25,"minecraft:stone_shovel":1,"minecraft:rotten_flesh":88,"minecraft:cooked_cod":3,"minecraft:nether_bricks":66,"minecraft:shears":3,"minecraft:carved_pumpkin":2,"minecraft:saddle":1,"minecraft:cod":1,"minecraft:white_wool":35,"minecraft:cobblestone":701,"minecraft:oxeye_daisy":15,"minecraft:birch_log":2,"minecraft:cooked_beef":3,"minecraft:water_bucket":1,"minecraft:potato":290,"minecraft:oak_log":234,"minecraft:golden_boots":1,"minecraft:gunpowder":1,"minecraft:dirt":655,"minecraft:bone":38,"minecraft:apple":6,"minecraft:bow":5,"minecraft:wheat_seeds":330,"minecraft:iron_ingot":4,"minecraft:stone_pickaxe":2,"minecraft:oak_fence_gate":1,"minecraft:iron_sword":2,"minecraft:oak_planks":82,"minecraft:cooked_porkchop":1,"minecraft:pumpkin":14,"minecraft:sweet_berries":5,"minecraft:dandelion":52,"minecraft:poisonous_potato":2,"minecraft:gravel":2,"minecraft:lava_bucket":1,"minecraft:spruce_sapling":1,"minecraft:white_bed":7,"minecraft:spider_eye":7,"minecraft:diamond":16,"minecraft:stone_axe":3,"minecraft:iron_helmet":1,"minecraft:granite":8,"minecraft:bread":28,"minecraft:baked_potato":51,"minecraft:oak_sapling":49,"minecraft:coal":177},"minecraft:killed_by":{"minecraft:skeleton":4,"minecraft:zombie":1},"minecraft:mined":{"minecraft:white_bed":6,"minecraft:granite":8,"minecraft:grass_block":489,"minecraft:spruce_leaves":1,"minecraft:oxeye_daisy":5,"minecraft:tall_seagrass":1,"minecraft:carrots":44,"minecraft:iron_ore":14,"minecraft:pumpkin":12,"minecraft:azure_bluet":4,"minecraft:potatoes":66,"minecraft:dirt_path":20,"minecraft:stone":408,"minecraft:dandelion":27,"minecraft:oak_fence":35,"minecraft:crafting_table":9,"minecraft:cornflower":2,"minecraft:torch":25,"minecraft:poppy":6,"minecraft:copper_ore":6,"minecraft:tall_grass":162,"minecraft:cobblestone":12,"minecraft:sugar_cane":11,"minecraft:oak_planks":65,"minecraft:wall_torch":6,"minecraft:wheat":69,"minecraft:sweet_berry_bush":2,"minecraft:grass":544,"minecraft:oak_log":183,"minecraft:coal_ore":113,"minecraft:oak_fence_gate":1,"minecraft:gravel":3,"minecraft:dirt":75,"minecraft:oak_leaves":48,"minecraft:deepslate":3},"minecraft:custom":{"minecraft:mob_kills":82,"minecraft:animals_bred":16,"minecraft:interact_with_crafting_table":65,"minecraft:leave_game":19,"minecraft:time_since_death":26783,"minecraft:climb_one_cm":1395,"minecraft:sprint_one_cm":1020316,"minecraft:walk_one_cm":1152257,"minecraft:damage_blocked_by_shield":3540,"minecraft:drop":52,"minecraft:play_time":334630,"minecraft:sneak_time":1039,"minecraft:deaths":6,"minecraft:walk_under_water_one_cm":23841,"minecraft:boat_one_cm":107272,"minecraft:jump":6112,"minecraft:walk_on_water_one_cm":82594,"minecraft:total_world_time":334630,"minecraft:interact_with_furnace":73,"minecraft:sleep_in_bed":4,"minecraft:time_since_rest":26886,"minecraft:damage_taken":8218,"minecraft:damage_dealt":15390,"minecraft:swim_one_cm":113006,"minecraft:fly_one_cm":1448345,"minecraft:open_chest":89,"minecraft:crouch_one_cm":3220,"minecraft:fall_one_cm":127704,"minecraft:horse_one_cm":41482},"minecraft:crafted":{"minecraft:wooden_sword":3,"minecraft:oak_planks":524,"minecraft:stone_shovel":3,"minecraft:oak_sign":3,"minecraft:furnace":2,"minecraft:bone_meal":54,"minecraft:iron_boots":1,"minecraft:stone_pickaxe":2,"minecraft:chest":2,"minecraft:stone_hoe":2,"minecraft:oak_fence":63,"minecraft:cooked_beef":3,"minecraft:sugar":2,"minecraft:wooden_shovel":2,"minecraft:cooked_porkchop":3,"minecraft:crafting_table":3,"minecraft:iron_helmet":1,"minecraft:baked_potato":146,"minecraft:wooden_pickaxe":3,"minecraft:iron_sword":1,"minecraft:bucket":1,"minecraft:pumpkin_seeds":8,"minecraft:stone_axe":3,"minecraft:bread":2,"minecraft:air":0,"minecraft:oak_fence_gate":2,"minecraft:oak_boat":1,"minecraft:iron_chestplate":1,"minecraft:charcoal":31,"minecraft:shield":2,"minecraft:stick":116,"minecraft:iron_ingot":14,"minecraft:iron_pickaxe":1,"minecraft:wooden_axe":3,"minecraft:stone_sword":1,"minecraft:iron_leggings":1,"minecraft:white_bed":3,"minecraft:pumpkin_pie":2,"minecraft:torch":76,"minecraft:shears":2},"minecraft:used":{"minecraft:oak_fence":86,"minecraft:stone_sword":94,"minecraft:stone_shovel":399,"minecraft:oak_sign":1,"minecraft:chest":2,"minecraft:shield":53,"minecraft:iron_sword":116,"minecraft:wooden_shovel":119,"minecraft:stone_hoe":152,"minecraft:rotten_flesh":3,"minecraft:torch":94,"minecraft:dirt":373,"minecraft:carrot":123,"minecraft:granite":5,"minecraft:oak_fence_gate":3,"minecraft:wooden_axe":113,"minecraft:iron_boots":1,"minecraft:bow":9,"minecraft:sweet_berries":5,"minecraft:oak_sapling":35,"minecraft:furnace":2,"minecraft:cooked_cod":1,"minecraft:egg":3,"minecraft:potato":133,"minecraft:wheat_seeds":122,"minecraft:water_bucket":5,"minecraft:baked_potato":115,"minecraft:stone_pickaxe":193,"minecraft:oak_planks":193,"minecraft:wooden_pickaxe":151,"minecraft:sugar_cane":12,"minecraft:crafting_table":10,"minecraft:white_bed":5,"minecraft:pumpkin_seeds":6,"minecraft:bread":19,"minecraft:iron_pickaxe":226,"minecraft:stone_axe":257,"minecraft:wooden_sword":38,"minecraft:cobblestone":87,"minecraft:cooked_porkchop":3,"minecraft:bucket":7,"minecraft:pumpkin_pie":1,"minecraft:oak_boat":4,"minecraft:bone_meal":47},"minecraft:killed":{"minecraft:zombified_piglin":1,"minecraft:spider":5,"minecraft:slime":2,"minecraft:skeleton":14,"minecraft:skeleton_horse":2,"minecraft:pig":1,"minecraft:zombie_villager":1,"minecraft:creeper":2,"minecraft:pillager":13,"minecraft:zombie":40},"minecraft:dropped":{"minecraft:bread":1,"minecraft:iron_sword":1,"minecraft:wheat_seeds":47,"minecraft:baked_potato":1,"minecraft:crafting_table":1,"minecraft:cooked_porkchop":1,"minecraft:poisonous_potato":1,"minecraft:golden_axe":1,"minecraft:oak_fence":1,"minecraft:pufferfish":3,"minecraft:oxeye_daisy":10,"minecraft:wooden_axe":1,"minecraft:pumpkin_pie":1,"minecraft:stone_axe":1,"minecraft:stone_sword":1,"minecraft:wheat":1,"minecraft:rotten_flesh":48,"minecraft:white_bed":1,"minecraft:nether_bricks":33,"minecraft:oak_sapling":2,"minecraft:wooden_shovel":1,"minecraft:spider_eye":1,"minecraft:wooden_pickaxe":1},"minecraft:broken":{"minecraft:wooden_shovel":2,"minecraft:stone_hoe":1,"minecraft:wooden_pickaxe":1,"minecraft:stone_pickaxe":1,"minecraft:shield":1,"minecraft:stone_axe":2,"minecraft:iron_helmet":1,"minecraft:wooden_axe":1,"minecraft:stone_shovel":3}},"DataVersion":3465}