{"stats":{"minecraft:picked_up":{"minecraft:wooden_axe":2,"minecraft:crafting_table":11,"minecraft:iron_chestplate":2,"minecraft:wheat":70,"minecraft:azure_bluet":8,"minecraft:lead":2,"minecraft:wooden_pickaxe":1,"minecraft:enchanted_book":1,"minecraft:cornflower":4,"minecraft:raw_copper":19,"minecraft:string":19,"minecraft:wooden_sword":2,"minecraft:pufferfish":3,"minecraft:oak_sign":2,"minecraft:gold_nugget":1,"minecraft:cobbled_deepslate":3,"minecraft:bucket":1,"minecraft:beef":3,"minecraft:oak_boat":4,"minecraft:wooden_shovel":1,"minecraft:poppy":12,"minecraft:sugar_cane":14,"minecraft:birch_sapling":2,"minecraft:iron_boots":2,"minecraft:egg":29,"minecraft:stick":25,"minecraft:raw_iron":28,"minecraft:oak_door":4,"minecraft:oak_fence":36,"minecraft:torch":36,"minecraft:porkchop":3,"minecraft:golden_axe":1,"minecraft:carrot":169,"minecraft:stone_sword":2,"minecraft:arrow":21,"minecraft:rotten_flesh":78,"minecraft:stone_shovel":1,"minecraft:cooked_cod":3,"minecraft:nether_bricks":66,"minecraft:shears":2,"minecraft:carved_pumpkin":2,"minecraft:saddle":1,"minecraft:cod":1,"minecraft:white_wool":34,"minecraft:cobblestone":516,"minecraft:oxeye_daisy":15,"minecraft:birch_log":2,"minecraft:cooked_beef":3,"minecraft:potato":290,"minecraft:oak_log":184,"minecraft:golden_boots":1,"minecraft:gunpowder":1,"minecraft:dirt":444,"minecraft:bone":34,"minecraft:apple":1,"minecraft:bow":3,"minecraft:wheat_seeds":326,"minecraft:iron_ingot":3,"minecraft:stone_pickaxe":2,"minecraft:oak_fence_gate":1,"minecraft:oak_planks":24,"minecraft:cooked_porkchop":1,"minecraft:pumpkin":12,"minecraft:sweet_berries":5,"minecraft:dandelion":52,"minecraft:poisonous_potato":2,"minecraft:gravel":2,"minecraft:lava_bucket":1,"minecraft:spruce_sapling":1,"minecraft:white_bed":6,"minecraft:spider_eye":5,"minecraft:diamond":16,"minecraft:stone_axe":2,"minecraft:granite":8,"minecraft:bread":28,"minecraft:baked_potato":9,"minecraft:oak_sapling":36,"minecraft:coal":154},"minecraft:killed_by":{"minecraft:skeleton":3,"minecraft:zombie":1},"minecraft:mined":{"minecraft:white_bed":6,"minecraft:granite":8,"minecraft:grass_block":326,"minecraft:spruce_leaves":1,"minecraft:oxeye_daisy":5,"minecraft:tall_seagrass":1,"minecraft:carrots":44,"minecraft:iron_ore":14,"minecraft:pumpkin":12,"minecraft:azure_bluet":4,"minecraft:potatoes":66,"minecraft:dirt_path":20,"minecraft:stone":408,"minecraft:dandelion":27,"minecraft:oak_fence":35,"minecraft:crafting_table":9,"minecraft:cornflower":2,"minecraft:torch":25,"minecraft:poppy":6,"minecraft:copper_ore":6,"minecraft:tall_grass":160,"minecraft:cobblestone":5,"minecraft:sugar_cane":11,"minecraft:oak_planks":7,"minecraft:wall_torch":5,"minecraft:wheat":69,"minecraft:sweet_berry_bush":2,"minecraft:grass":498,"minecraft:oak_log":142,"minecraft:coal_ore":113,"minecraft:oak_fence_gate":1,"minecraft:gravel":3,"minecraft:dirt":39,"minecraft:oak_leaves":31,"minecraft:deepslate":3},"minecraft:custom":{"minecraft:mob_kills":77,"minecraft:animals_bred":16,"minecraft:interact_with_crafting_table":56,"minecraft:leave_game":18,"minecraft:time_since_death":169513,"minecraft:climb_one_cm":1395,"minecraft:sprint_one_cm":914461,"minecraft:walk_one_cm":1056462,"minecraft:damage_blocked_by_shield":3540,"minecraft:drop":46,"minecraft:play_time":305877,"minecraft:sneak_time":1019,"minecraft:deaths":5,"minecraft:walk_under_water_one_cm":23841,"minecraft:boat_one_cm":107272,"minecraft:jump":5663,"minecraft:walk_on_water_one_cm":81578,"minecraft:total_world_time":305877,"minecraft:interact_with_furnace":69,"minecraft:sleep_in_bed":4,"minecraft:time_since_rest":42817,"minecraft:damage_taken":7410,"minecraft:damage_dealt":14298,"minecraft:swim_one_cm":113006,"minecraft:fly_one_cm":1335889,"minecraft:open_chest":74,"minecraft:crouch_one_cm":3126,"minecraft:fall_one_cm":117634,"minecraft:horse_one_cm":41482},"minecraft:crafted":{"minecraft:wooden_sword":3,"minecraft:oak_planks":400,"minecraft:stone_shovel":2,"minecraft:oak_sign":3,"minecraft:furnace":2,"minecraft:bone_meal":24,"minecraft:iron_boots":1,"minecraft:stone_pickaxe":2,"minecraft:chest":2,"minecraft:stone_hoe":2,"minecraft:oak_fence":63,"minecraft:cooked_beef":3,"minecraft:sugar":2,"minecraft:wooden_shovel":2,"minecraft:cooked_porkchop":3,"minecraft:crafting_table":3,"minecraft:iron_helmet":1,"minecraft:baked_potato":146,"minecraft:wooden_pickaxe":3,"minecraft:iron_sword":1,"minecraft:bucket":1,"minecraft:pumpkin_seeds":8,"minecraft:stone_axe":2,"minecraft:bread":2,"minecraft:air":0,"minecraft:oak_fence_gate":2,"minecraft:oak_boat":1,"minecraft:iron_chestplate":1,"minecraft:charcoal":31,"minecraft:shield":2,"minecraft:stick":116,"minecraft:iron_ingot":14,"minecraft:iron_pickaxe":1,"minecraft:wooden_axe":3,"minecraft:stone_sword":1,"minecraft:iron_leggings":1,"minecraft:white_bed":3,"minecraft:pumpkin_pie":2,"minecraft:torch":76,"minecraft:shears":2},"minecraft:used":{"minecraft:oak_fence":86,"minecraft:stone_sword":94,"minecraft:stone_shovel":268,"minecraft:oak_sign":1,"minecraft:chest":2,"minecraft:shield":53,"minecraft:iron_sword":88,"minecraft:wooden_shovel":95,"minecraft:stone_hoe":152,"minecraft:rotten_flesh":3,"minecraft:torch":88,"minecraft:dirt":303,"minecraft:carrot":123,"minecraft:granite":5,"minecraft:oak_fence_gate":3,"minecraft:wooden_axe":113,"minecraft:iron_boots":1,"minecraft:bow":9,"minecraft:sweet_berries":5,"minecraft:oak_sapling":23,"minecraft:furnace":2,"minecraft:cooked_cod":1,"minecraft:egg":3,"minecraft:potato":133,"minecraft:wheat_seeds":122,"minecraft:water_bucket":5,"minecraft:stone_pickaxe":193,"minecraft:baked_potato":103,"minecraft:wooden_pickaxe":151,"minecraft:sugar_cane":12,"minecraft:crafting_table":10,"minecraft:white_bed":5,"minecraft:pumpkin_seeds":6,"minecraft:bread":19,"minecraft:iron_pickaxe":219,"minecraft:stone_axe":151,"minecraft:wooden_sword":38,"minecraft:cobblestone":38,"minecraft:cooked_porkchop":3,"minecraft:bucket":7,"minecraft:pumpkin_pie":1,"minecraft:oak_boat":4,"minecraft:bone_meal":24},"minecraft:killed":{"minecraft:zombified_piglin":1,"minecraft:spider":5,"minecraft:slime":2,"minecraft:skeleton":14,"minecraft:skeleton_horse":2,"minecraft:pig":1,"minecraft:zombie_villager":1,"minecraft:creeper":2,"minecraft:pillager":13,"minecraft:zombie":35},"minecraft:dropped":{"minecraft:bread":1,"minecraft:wheat_seeds":46,"minecraft:baked_potato":1,"minecraft:crafting_table":1,"minecraft:cooked_porkchop":1,"minecraft:poisonous_potato":1,"minecraft:golden_axe":1,"minecraft:oak_fence":1,"minecraft:pufferfish":3,"minecraft:oxeye_daisy":10,"minecraft:wooden_axe":1,"minecraft:pumpkin_pie":1,"minecraft:stone_axe":1,"minecraft:stone_sword":1,"minecraft:wheat":1,"minecraft:rotten_flesh":38,"minecraft:white_bed":1,"minecraft:nether_bricks":33,"minecraft:oak_sapling":2,"minecraft:wooden_shovel":1,"minecraft:wooden_pickaxe":1},"minecraft:broken":{"minecraft:wooden_shovel":1,"minecraft:stone_hoe":1,"minecraft:wooden_pickaxe":1,"minecraft:stone_pickaxe":1,"minecraft:shield":1,"minecraft:stone_axe":1,"minecraft:wooden_axe":1,"minecraft:stone_shovel":2}},"DataVersion":3465}