{"stats":{"minecraft:picked_up":{"minecraft:wooden_axe":2,"minecraft:crafting_table":11,"minecraft:iron_chestplate":2,"minecraft:wheat":21,"minecraft:azure_bluet":8,"minecraft:lead":2,"minecraft:wooden_pickaxe":1,"minecraft:cornflower":4,"minecraft:string":12,"minecraft:wooden_sword":2,"minecraft:pufferfish":3,"minecraft:oak_sign":2,"minecraft:gold_nugget":1,"minecraft:cobbled_deepslate":3,"minecraft:bucket":1,"minecraft:beef":3,"minecraft:oak_boat":2,"minecraft:poppy":12,"minecraft:birch_sapling":2,"minecraft:iron_boots":2,"minecraft:egg":14,"minecraft:stick":17,"minecraft:raw_iron":28,"minecraft:oak_door":4,"minecraft:oak_fence":36,"minecraft:torch":36,"minecraft:porkchop":3,"minecraft:golden_axe":1,"minecraft:carrot":142,"minecraft:stone_sword":2,"minecraft:arrow":14,"minecraft:rotten_flesh":68,"minecraft:stone_shovel":1,"minecraft:cooked_cod":3,"minecraft:nether_bricks":66,"minecraft:shears":1,"minecraft:carved_pumpkin":2,"minecraft:saddle":1,"minecraft:cod":1,"minecraft:white_wool":25,"minecraft:cobblestone":304,"minecraft:oxeye_daisy":15,"minecraft:birch_log":2,"minecraft:cooked_beef":3,"minecraft:potato":203,"minecraft:oak_log":148,"minecraft:golden_boots":1,"minecraft:gunpowder":1,"minecraft:dirt":365,"minecraft:bone":21,"minecraft:apple":1,"minecraft:bow":2,"minecraft:wheat_seeds":194,"minecraft:iron_ingot":2,"minecraft:stone_pickaxe":2,"minecraft:oak_fence_gate":1,"minecraft:oak_planks":24,"minecraft:cooked_porkchop":1,"minecraft:pumpkin":2,"minecraft:sweet_berries":5,"minecraft:dandelion":52,"minecraft:poisonous_potato":2,"minecraft:gravel":2,"minecraft:lava_bucket":1,"minecraft:spruce_sapling":1,"minecraft:white_bed":4,"minecraft:spider_eye":4,"minecraft:stone_axe":2,"minecraft:granite":8,"minecraft:bread":28,"minecraft:baked_potato":9,"minecraft:oak_sapling":25,"minecraft:coal":131},"minecraft:killed_by":{"minecraft:skeleton":3,"minecraft:zombie":1},"minecraft:mined":{"minecraft:white_bed":4,"minecraft:granite":8,"minecraft:grass_block":257,"minecraft:spruce_leaves":1,"minecraft:oxeye_daisy":5,"minecraft:tall_seagrass":1,"minecraft:carrots":36,"minecraft:iron_ore":14,"minecraft:pumpkin":2,"minecraft:azure_bluet":4,"minecraft:potatoes":42,"minecraft:dirt_path":20,"minecraft:stone":200,"minecraft:dandelion":27,"minecraft:oak_fence":35,"minecraft:crafting_table":9,"minecraft:cornflower":2,"minecraft:torch":25,"minecraft:poppy":6,"minecraft:tall_grass":158,"minecraft:cobblestone":5,"minecraft:oak_planks":7,"minecraft:wall_torch":5,"minecraft:wheat":21,"minecraft:sweet_berry_bush":2,"minecraft:grass":461,"minecraft:oak_log":106,"minecraft:coal_ore":90,"minecraft:oak_fence_gate":1,"minecraft:gravel":3,"minecraft:dirt":30,"minecraft:oak_leaves":28,"minecraft:deepslate":3},"minecraft:custom":{"minecraft:mob_kills":56,"minecraft:animals_bred":8,"minecraft:interact_with_crafting_table":53,"minecraft:leave_game":17,"minecraft:time_since_death":115915,"minecraft:climb_one_cm":1395,"minecraft:sprint_one_cm":735685,"minecraft:walk_one_cm":896261,"minecraft:damage_blocked_by_shield":2340,"minecraft:drop":39,"minecraft:play_time":252279,"minecraft:sneak_time":940,"minecraft:deaths":5,"minecraft:walk_under_water_one_cm":20561,"minecraft:boat_one_cm":71628,"minecraft:jump":4803,"minecraft:walk_on_water_one_cm":59358,"minecraft:total_world_time":252279,"minecraft:interact_with_furnace":45,"minecraft:sleep_in_bed":2,"minecraft:time_since_rest":51753,"minecraft:damage_taken":6103,"minecraft:damage_dealt":10815,"minecraft:swim_one_cm":95274,"minecraft:fly_one_cm":1119151,"minecraft:open_chest":38,"minecraft:crouch_one_cm":2904,"minecraft:fall_one_cm":104773,"minecraft:horse_one_cm":40788},"minecraft:crafted":{"minecraft:wooden_sword":3,"minecraft:oak_planks":400,"minecraft:stone_shovel":2,"minecraft:oak_sign":3,"minecraft:furnace":2,"minecraft:bone_meal":24,"minecraft:iron_boots":1,"minecraft:stone_pickaxe":2,"minecraft:chest":2,"minecraft:stone_hoe":2,"minecraft:oak_fence":63,"minecraft:cooked_beef":3,"minecraft:wooden_shovel":1,"minecraft:cooked_porkchop":3,"minecraft:crafting_table":3,"minecraft:iron_helmet":1,"minecraft:baked_potato":76,"minecraft:wooden_pickaxe":3,"minecraft:iron_sword":1,"minecraft:bucket":1,"minecraft:pumpkin_seeds":8,"minecraft:stone_axe":1,"minecraft:bread":2,"minecraft:air":0,"minecraft:oak_fence_gate":2,"minecraft:oak_boat":1,"minecraft:iron_chestplate":1,"minecraft:charcoal":4,"minecraft:shield":1,"minecraft:stick":116,"minecraft:iron_ingot":14,"minecraft:iron_pickaxe":1,"minecraft:wooden_axe":3,"minecraft:stone_sword":1,"minecraft:iron_leggings":1,"minecraft:white_bed":3,"minecraft:torch":64,"minecraft:shears":2},"minecraft:used":{"minecraft:oak_fence":86,"minecraft:stone_sword":94,"minecraft:stone_shovel":246,"minecraft:oak_sign":1,"minecraft:chest":2,"minecraft:shield":38,"minecraft:iron_sword":49,"minecraft:wooden_shovel":50,"minecraft:stone_hoe":152,"minecraft:rotten_flesh":3,"minecraft:torch":75,"minecraft:dirt":249,"minecraft:carrot":108,"minecraft:granite":5,"minecraft:oak_fence_gate":3,"minecraft:wooden_axe":113,"minecraft:iron_boots":1,"minecraft:bow":4,"minecraft:sweet_berries":5,"minecraft:oak_sapling":14,"minecraft:furnace":2,"minecraft:cooked_cod":1,"minecraft:egg":3,"minecraft:potato":104,"minecraft:wheat_seeds":74,"minecraft:water_bucket":5,"minecraft:stone_pickaxe":175,"minecraft:baked_potato":76,"minecraft:wooden_pickaxe":151,"minecraft:crafting_table":10,"minecraft:white_bed":3,"minecraft:pumpkin_seeds":6,"minecraft:bread":19,"minecraft:stone_axe":77,"minecraft:wooden_sword":38,"minecraft:cobblestone":35,"minecraft:cooked_porkchop":2,"minecraft:bucket":7,"minecraft:oak_boat":2,"minecraft:bone_meal":24},"minecraft:killed":{"minecraft:zombified_piglin":1,"minecraft:spider":3,"minecraft:slime":2,"minecraft:skeleton":9,"minecraft:pig":1,"minecraft:creeper":2,"minecraft:pillager":13,"minecraft:zombie":24},"minecraft:dropped":{"minecraft:bread":1,"minecraft:wheat_seeds":38,"minecraft:baked_potato":1,"minecraft:crafting_table":1,"minecraft:cooked_porkchop":1,"minecraft:poisonous_potato":1,"minecraft:golden_axe":1,"minecraft:oak_fence":1,"minecraft:pufferfish":3,"minecraft:oxeye_daisy":10,"minecraft:wooden_axe":1,"minecraft:stone_axe":1,"minecraft:stone_sword":1,"minecraft:rotten_flesh":30,"minecraft:white_bed":1,"minecraft:nether_bricks":33,"minecraft:wooden_pickaxe":1},"minecraft:broken":{"minecraft:stone_hoe":1,"minecraft:wooden_pickaxe":1,"minecraft:wooden_axe":1,"minecraft:stone_shovel":1}},"DataVersion":3465}