{"stats":{"minecraft:mined":{"minecraft:grass":6,"minecraft:grass_block":4,"minecraft:oak_log":5,"minecraft:tall_grass":22},"minecraft:dropped":{"minecraft:rotten_flesh":12},"minecraft:used":{"minecraft:rotten_flesh":1,"minecraft:dirt":2,"minecraft:bread":1},"minecraft:picked_up":{"minecraft:rotten_flesh":13,"minecraft:wheat_seeds":6,"minecraft:beef":3,"minecraft:iron_ingot":1,"minecraft:oak_log":5,"minecraft:bread":20,"minecraft:dirt":16,"minecraft:string":1},"minecraft:custom":{"minecraft:time_since_rest":8161,"minecraft:crouch_one_cm":1214,"minecraft:play_time":8161,"minecraft:sprint_one_cm":25076,"minecraft:damage_taken":220,"minecraft:walk_one_cm":11153,"minecraft:sneak_time":261,"minecraft:drop":2,"minecraft:jump":133,"minecraft:time_since_death":8161,"minecraft:total_world_time":8161,"minecraft:fall_one_cm":1786,"minecraft:fly_one_cm":18292}},"DataVersion":3465}