{"stats":{"minecraft:crafted":{"minecraft:wooden_sword":1,"minecraft:oak_planks":24,"minecraft:crafting_table":1,"minecraft:stick":12,"minecraft:wooden_pickaxe":1,"minecraft:stone_pickaxe":1,"minecraft:wooden_axe":1,"minecraft:white_bed":1,"minecraft:torch":8,"minecraft:shears":1},"minecraft:mined":{"minecraft:white_bed":2,"minecraft:crafting_table":4,"minecraft:grass":20,"minecraft:coal_ore":42,"minecraft:grass_block":4,"minecraft:oak_log":12,"minecraft:gravel":1,"minecraft:tall_grass":30,"minecraft:stone":75,"minecraft:oak_leaves":6,"minecraft:wall_torch":2},"minecraft:killed":{"minecraft:skeleton":2,"minecraft:spider":1},"minecraft:dropped":{"minecraft:rotten_flesh":12},"minecraft:used":{"minecraft:wooden_axe":12,"minecraft:bread":13,"minecraft:stone_pickaxe":58,"minecraft:wooden_pickaxe":59,"minecraft:rotten_flesh":1,"minecraft:torch":6,"minecraft:wooden_sword":18,"minecraft:dirt":2,"minecraft:crafting_table":4,"minecraft:oak_sapling":6,"minecraft:white_bed":1},"minecraft:picked_up":{"minecraft:raw_iron":7,"minecraft:iron_chestplate":1,"minecraft:crafting_table":4,"minecraft:oak_door":2,"minecraft:torch":2,"minecraft:gravel":1,"minecraft:oak_log":12,"minecraft:white_bed":1,"minecraft:spider_eye":1,"minecraft:string":5,"minecraft:dirt":29,"minecraft:bone":4,"minecraft:arrow":4,"minecraft:rotten_flesh":13,"minecraft:wheat_seeds":9,"minecraft:iron_ingot":2,"minecraft:beef":3,"minecraft:carved_pumpkin":1,"minecraft:bread":20,"minecraft:oak_sapling":7,"minecraft:coal":42,"minecraft:cobblestone":75,"minecraft:white_wool":10,"minecraft:iron_boots":1},"minecraft:broken":{"minecraft:wooden_pickaxe":1},"minecraft:custom":{"minecraft:time_since_rest":13816,"minecraft:sprint_one_cm":85412,"minecraft:damage_taken":727,"minecraft:walk_one_cm":87449,"minecraft:mob_kills":4,"minecraft:drop":2,"minecraft:damage_dealt":452,"minecraft:swim_one_cm":3083,"minecraft:interact_with_crafting_table":4,"minecraft:fly_one_cm":78438,"minecraft:crouch_one_cm":2011,"minecraft:play_time":32161,"minecraft:sneak_time":452,"minecraft:walk_under_water_one_cm":419,"minecraft:jump":502,"minecraft:walk_on_water_one_cm":2822,"minecraft:time_since_death":32161,"minecraft:sleep_in_bed":1,"minecraft:total_world_time":32161,"minecraft:fall_one_cm":12649}},"DataVersion":3465}