{"stats":{"minecraft:picked_up":{"minecraft:wooden_axe":2,"minecraft:crafting_table":11,"minecraft:iron_chestplate":2,"minecraft:wheat":21,"minecraft:azure_bluet":8,"minecraft:lead":2,"minecraft:wooden_pickaxe":1,"minecraft:cornflower":4,"minecraft:string":12,"minecraft:wooden_sword":2,"minecraft:pufferfish":3,"minecraft:oak_sign":2,"minecraft:cobbled_deepslate":3,"minecraft:bucket":1,"minecraft:beef":3,"minecraft:oak_boat":1,"minecraft:poppy":12,"minecraft:birch_sapling":2,"minecraft:egg":10,"minecraft:iron_boots":2,"minecraft:stick":17,"minecraft:raw_iron":28,"minecraft:oak_door":4,"minecraft:oak_fence":23,"minecraft:torch":8,"minecraft:porkchop":3,"minecraft:golden_axe":1,"minecraft:carrot":91,"minecraft:rotten_flesh":24,"minecraft:stone_sword":1,"minecraft:arrow":12,"minecraft:stone_shovel":1,"minecraft:cooked_cod":3,"minecraft:nether_bricks":66,"minecraft:shears":1,"minecraft:carved_pumpkin":2,"minecraft:saddle":1,"minecraft:cod":1,"minecraft:white_wool":18,"minecraft:cobblestone":277,"minecraft:oxeye_daisy":15,"minecraft:birch_log":2,"minecraft:cooked_beef":3,"minecraft:potato":92,"minecraft:oak_log":148,"minecraft:dirt":238,"minecraft:bone":18,"minecraft:apple":1,"minecraft:bow":1,"minecraft:wheat_seeds":179,"minecraft:oak_fence_gate":1,"minecraft:iron_ingot":2,"minecraft:stone_pickaxe":2,"minecraft:oak_planks":24,"minecraft:pumpkin":2,"minecraft:dandelion":51,"minecraft:lava_bucket":1,"minecraft:poisonous_potato":2,"minecraft:gravel":2,"minecraft:white_bed":2,"minecraft:spider_eye":4,"minecraft:stone_axe":1,"minecraft:granite":8,"minecraft:bread":28,"minecraft:baked_potato":8,"minecraft:oak_sapling":25,"minecraft:coal":131},"minecraft:custom":{"minecraft:mob_kills":16,"minecraft:animals_bred":8,"minecraft:interact_with_crafting_table":37,"minecraft:leave_game":11,"minecraft:time_since_death":49712,"minecraft:climb_one_cm":1395,"minecraft:sprint_one_cm":518904,"minecraft:walk_one_cm":614683,"minecraft:drop":21,"minecraft:play_time":186076,"minecraft:deaths":5,"minecraft:sneak_time":861,"minecraft:walk_under_water_one_cm":18538,"minecraft:boat_one_cm":37185,"minecraft:jump":3525,"minecraft:walk_on_water_one_cm":48536,"minecraft:total_world_time":186076,"minecraft:interact_with_furnace":37,"minecraft:sleep_in_bed":1,"minecraft:time_since_rest":49745,"minecraft:damage_taken":3714,"minecraft:damage_dealt":3304,"minecraft:swim_one_cm":74439,"minecraft:fly_one_cm":791705,"minecraft:open_chest":17,"minecraft:crouch_one_cm":2745,"minecraft:fall_one_cm":77506,"minecraft:horse_one_cm":40788},"minecraft:killed_by":{"minecraft:skeleton":3,"minecraft:zombie":1},"minecraft:used":{"minecraft:oak_fence":76,"minecraft:stone_sword":41,"minecraft:stone_shovel":172,"minecraft:oak_sign":1,"minecraft:chest":2,"minecraft:rotten_flesh":3,"minecraft:torch":19,"minecraft:dirt":200,"minecraft:carrot":46,"minecraft:granite":5,"minecraft:oak_fence_gate":3,"minecraft:wooden_axe":113,"minecraft:iron_boots":1,"minecraft:bow":2,"minecraft:furnace":2,"minecraft:oak_sapling":14,"minecraft:cooked_cod":1,"minecraft:egg":3,"minecraft:potato":15,"minecraft:wheat_seeds":26,"minecraft:stone_pickaxe":146,"minecraft:baked_potato":32,"minecraft:wooden_pickaxe":151,"minecraft:crafting_table":10,"minecraft:white_bed":1,"minecraft:bread":19,"minecraft:stone_axe":21,"minecraft:wooden_sword":38,"minecraft:cobblestone":32,"minecraft:oak_boat":1,"minecraft:bone_meal":24},"minecraft:broken":{"minecraft:wooden_pickaxe":1,"minecraft:wooden_axe":1,"minecraft:stone_shovel":1},"minecraft:killed":{"minecraft:spider":3,"minecraft:slime":2,"minecraft:skeleton":4,"minecraft:pig":1,"minecraft:creeper":1,"minecraft:pillager":1,"minecraft:zombie":3},"minecraft:dropped":{"minecraft:bread":1,"minecraft:wheat_seeds":38,"minecraft:crafting_table":1,"minecraft:poisonous_potato":1,"minecraft:golden_axe":1,"minecraft:oak_fence":1,"minecraft:pufferfish":3,"minecraft:oxeye_daisy":10,"minecraft:wooden_axe":1,"minecraft:rotten_flesh":17,"minecraft:nether_bricks":33,"minecraft:wooden_pickaxe":1},"minecraft:mined":{"minecraft:white_bed":2,"minecraft:granite":8,"minecraft:grass_block":138,"minecraft:oxeye_daisy":5,"minecraft:tall_seagrass":1,"minecraft:carrots":23,"minecraft:iron_ore":14,"minecraft:pumpkin":2,"minecraft:azure_bluet":4,"minecraft:potatoes":14,"minecraft:dirt_path":20,"minecraft:stone":176,"minecraft:dandelion":25,"minecraft:oak_fence":22,"minecraft:crafting_table":9,"minecraft:cornflower":2,"minecraft:poppy":6,"minecraft:cobblestone":2,"minecraft:tall_grass":153,"minecraft:oak_planks":7,"minecraft:wall_torch":4,"minecraft:wheat":21,"minecraft:grass":326,"minecraft:oak_log":106,"minecraft:coal_ore":90,"minecraft:oak_fence_gate":1,"minecraft:gravel":3,"minecraft:dirt":17,"minecraft:oak_leaves":28,"minecraft:deepslate":3},"minecraft:crafted":{"minecraft:wooden_sword":3,"minecraft:oak_planks":400,"minecraft:stone_shovel":2,"minecraft:oak_sign":3,"minecraft:furnace":2,"minecraft:bone_meal":24,"minecraft:iron_boots":1,"minecraft:stone_pickaxe":2,"minecraft:chest":2,"minecraft:oak_fence":63,"minecraft:cooked_beef":3,"minecraft:crafting_table":3,"minecraft:baked_potato":44,"minecraft:wooden_pickaxe":3,"minecraft:iron_helmet":1,"minecraft:pumpkin_seeds":8,"minecraft:stone_axe":1,"minecraft:bread":2,"minecraft:air":0,"minecraft:oak_fence_gate":2,"minecraft:oak_boat":1,"minecraft:iron_chestplate":1,"minecraft:charcoal":4,"minecraft:shield":1,"minecraft:stick":112,"minecraft:iron_ingot":14,"minecraft:wooden_axe":3,"minecraft:stone_sword":1,"minecraft:iron_leggings":1,"minecraft:white_bed":1,"minecraft:torch":40,"minecraft:shears":1}},"DataVersion":3465}