{"stats":{"minecraft:picked_up":{"minecraft:wooden_axe":2,"minecraft:crafting_table":16,"minecraft:wheat":71,"minecraft:charcoal":11,"minecraft:iron_chestplate":3,"minecraft:azure_bluet":8,"minecraft:lead":2,"minecraft:wooden_pickaxe":1,"minecraft:enchanted_book":2,"minecraft:shield":1,"minecraft:cornflower":4,"minecraft:string":26,"minecraft:raw_copper":38,"minecraft:wooden_sword":2,"minecraft:iron_leggings":1,"minecraft:pufferfish":3,"minecraft:oak_sign":3,"minecraft:gold_nugget":1,"minecraft:cobbled_deepslate":3,"minecraft:bucket":1,"minecraft:beef":3,"minecraft:oak_boat":5,"minecraft:wooden_shovel":2,"minecraft:poppy":12,"minecraft:iron_pickaxe":1,"minecraft:sugar_cane":14,"minecraft:birch_sapling":2,"minecraft:furnace":2,"minecraft:iron_boots":3,"minecraft:egg":35,"minecraft:stick":47,"minecraft:raw_iron":57,"minecraft:oak_door":6,"minecraft:oak_fence":36,"minecraft:torch":61,"minecraft:porkchop":3,"minecraft:golden_axe":1,"minecraft:carrot":169,"minecraft:stone_sword":3,"minecraft:arrow":26,"minecraft:stone_shovel":1,"minecraft:rotten_flesh":90,"minecraft:cooked_cod":3,"minecraft:nether_bricks":66,"minecraft:shears":3,"minecraft:carved_pumpkin":2,"minecraft:saddle":1,"minecraft:cod":1,"minecraft:birch_log":2,"minecraft:white_wool":35,"minecraft:cobblestone":810,"minecraft:oxeye_daisy":15,"minecraft:cooked_beef":3,"minecraft:water_bucket":1,"minecraft:potato":290,"minecraft:oak_log":277,"minecraft:golden_boots":1,"minecraft:gunpowder":1,"minecraft:lapis_lazuli":21,"minecraft:dirt":742,"minecraft:bone":38,"minecraft:apple":6,"minecraft:stone_bricks":21,"minecraft:bow":5,"minecraft:wheat_seeds":331,"minecraft:iron_ingot":4,"minecraft:oak_fence_gate":1,"minecraft:stone_pickaxe":2,"minecraft:iron_sword":2,"minecraft:oak_planks":82,"minecraft:cooked_porkchop":1,"minecraft:pumpkin":20,"minecraft:sweet_berries":5,"minecraft:dandelion":53,"minecraft:poisonous_potato":2,"minecraft:gravel":4,"minecraft:lava_bucket":1,"minecraft:sand":78,"minecraft:spruce_sapling":1,"minecraft:white_bed":9,"minecraft:spider_eye":7,"minecraft:pumpkin_seeds":1,"minecraft:diamond":16,"minecraft:stone_axe":3,"minecraft:iron_helmet":1,"minecraft:granite":8,"minecraft:bread":28,"minecraft:baked_potato":51,"minecraft:oak_sapling":51,"minecraft:coal":177,"minecraft:oak_leaves":56},"minecraft:killed_by":{"minecraft:skeleton":4,"minecraft:zombie":1},"minecraft:mined":{"minecraft:attached_pumpkin_stem":1,"minecraft:white_bed":8,"minecraft:oak_door":2,"minecraft:granite":8,"minecraft:grass_block":548,"minecraft:spruce_leaves":1,"minecraft:oxeye_daisy":5,"minecraft:tall_seagrass":1,"minecraft:carrots":44,"minecraft:furnace":2,"minecraft:iron_ore":43,"minecraft:pumpkin":18,"minecraft:azure_bluet":4,"minecraft:potatoes":66,"minecraft:dirt_path":47,"minecraft:oak_sign":1,"minecraft:stone":501,"minecraft:dandelion":28,"minecraft:oak_fence":35,"minecraft:cornflower":2,"minecraft:crafting_table":13,"minecraft:torch":30,"minecraft:poppy":6,"minecraft:copper_ore":6,"minecraft:tall_grass":180,"minecraft:cobblestone":28,"minecraft:oak_planks":65,"minecraft:sugar_cane":11,"minecraft:wall_torch":7,"minecraft:wheat":69,"minecraft:sweet_berry_bush":2,"minecraft:grass":574,"minecraft:coal_ore":113,"minecraft:oak_log":226,"minecraft:oak_fence_gate":1,"minecraft:sand":78,"minecraft:gravel":4,"minecraft:dirt":80,"minecraft:stone_bricks":21,"minecraft:oak_leaves":107,"minecraft:deepslate":3},"minecraft:custom":{"minecraft:mob_kills":87,"minecraft:animals_bred":16,"minecraft:interact_with_crafting_table":105,"minecraft:leave_game":23,"minecraft:time_since_death":95217,"minecraft:climb_one_cm":1395,"minecraft:sprint_one_cm":1152891,"minecraft:walk_one_cm":1329200,"minecraft:damage_blocked_by_shield":3780,"minecraft:drop":56,"minecraft:play_time":403064,"minecraft:sneak_time":1102,"minecraft:deaths":6,"minecraft:walk_under_water_one_cm":27116,"minecraft:boat_one_cm":107272,"minecraft:jump":6969,"minecraft:walk_on_water_one_cm":98977,"minecraft:total_world_time":403064,"minecraft:interact_with_furnace":131,"minecraft:sleep_in_bed":10,"minecraft:time_since_rest":7512,"minecraft:damage_taken":8615,"minecraft:damage_dealt":16331,"minecraft:swim_one_cm":119695,"minecraft:fly_one_cm":1623427,"minecraft:open_chest":159,"minecraft:crouch_one_cm":3333,"minecraft:fall_one_cm":145207,"minecraft:horse_one_cm":41482},"minecraft:crafted":{"minecraft:wooden_sword":3,"minecraft:oak_door":3,"minecraft:oak_planks":580,"minecraft:stone_shovel":5,"minecraft:oak_sign":3,"minecraft:furnace":3,"minecraft:stone":207,"minecraft:bone_meal":54,"minecraft:glass_pane":16,"minecraft:glass":24,"minecraft:iron_boots":1,"minecraft:stone_pickaxe":3,"minecraft:chest":8,"minecraft:stone_hoe":2,"minecraft:stone_bricks":204,"minecraft:oak_fence":63,"minecraft:cooked_beef":3,"minecraft:sugar":2,"minecraft:coal_block":2,"minecraft:wooden_shovel":2,"minecraft:cooked_porkchop":3,"minecraft:crafting_table":4,"minecraft:iron_helmet":1,"minecraft:wooden_pickaxe":4,"minecraft:baked_potato":146,"minecraft:iron_sword":1,"minecraft:blue_bed":1,"minecraft:bucket":1,"minecraft:pumpkin_seeds":8,"minecraft:stone_axe":3,"minecraft:painting":1,"minecraft:bread":2,"minecraft:air":0,"minecraft:blue_dye":1,"minecraft:oak_fence_gate":2,"minecraft:oak_boat":1,"minecraft:stone_brick_stairs":4,"minecraft:iron_chestplate":1,"minecraft:charcoal":46,"minecraft:shield":2,"minecraft:stick":116,"minecraft:iron_ingot":43,"minecraft:iron_pickaxe":1,"minecraft:wooden_axe":3,"minecraft:stone_sword":1,"minecraft:iron_leggings":1,"minecraft:white_bed":3,"minecraft:pumpkin_pie":2,"minecraft:torch":84,"minecraft:shears":2},"minecraft:used":{"minecraft:oak_fence":86,"minecraft:stone_sword":94,"minecraft:stone_shovel":586,"minecraft:oak_sign":2,"minecraft:chest":8,"minecraft:shield":57,"minecraft:iron_sword":138,"minecraft:wooden_shovel":119,"minecraft:stone_hoe":152,"minecraft:rotten_flesh":3,"minecraft:oak_door":4,"minecraft:torch":115,"minecraft:dirt":456,"minecraft:carrot":123,"minecraft:granite":5,"minecraft:oak_fence_gate":3,"minecraft:wooden_axe":113,"minecraft:iron_boots":1,"minecraft:stone_brick_stairs":2,"minecraft:stone_bricks":203,"minecraft:bow":9,"minecraft:sweet_berries":5,"minecraft:oak_sapling":35,"minecraft:furnace":5,"minecraft:cooked_cod":1,"minecraft:egg":3,"minecraft:potato":133,"minecraft:wheat_seeds":122,"minecraft:water_bucket":5,"minecraft:baked_potato":130,"minecraft:stone_pickaxe":324,"minecraft:oak_planks":204,"minecraft:wooden_pickaxe":159,"minecraft:sugar_cane":12,"minecraft:blue_bed":1,"minecraft:oak_leaves":10,"minecraft:sand":4,"minecraft:crafting_table":14,"minecraft:white_bed":7,"minecraft:painting":1,"minecraft:pumpkin_seeds":7,"minecraft:shears":56,"minecraft:iron_pickaxe":250,"minecraft:bread":19,"minecraft:stone_axe":314,"minecraft:wooden_sword":38,"minecraft:cobblestone":247,"minecraft:cooked_porkchop":3,"minecraft:bucket":7,"minecraft:glass_pane":12,"minecraft:pumpkin_pie":1,"minecraft:oak_boat":4,"minecraft:bone_meal":47},"minecraft:killed":{"minecraft:zombified_piglin":1,"minecraft:spider":5,"minecraft:slime":2,"minecraft:skeleton":15,"minecraft:skeleton_horse":2,"minecraft:pig":1,"minecraft:zombie_villager":1,"minecraft:creeper":2,"minecraft:pillager":13,"minecraft:zombie":43},"minecraft:dropped":{"minecraft:bread":1,"minecraft:iron_sword":1,"minecraft:wheat_seeds":48,"minecraft:baked_potato":1,"minecraft:crafting_table":1,"minecraft:cooked_porkchop":1,"minecraft:poisonous_potato":1,"minecraft:golden_axe":1,"minecraft:oak_fence":1,"minecraft:pufferfish":3,"minecraft:oxeye_daisy":10,"minecraft:wooden_axe":1,"minecraft:pumpkin_pie":1,"minecraft:dandelion":1,"minecraft:oak_door":1,"minecraft:gravel":1,"minecraft:stone_axe":1,"minecraft:stone_sword":1,"minecraft:wheat":1,"minecraft:rotten_flesh":48,"minecraft:white_bed":1,"minecraft:nether_bricks":33,"minecraft:oak_sapling":2,"minecraft:wooden_shovel":1,"minecraft:spider_eye":1,"minecraft:wooden_pickaxe":1},"minecraft:broken":{"minecraft:wooden_shovel":2,"minecraft:stone_hoe":1,"minecraft:wooden_pickaxe":1,"minecraft:stone_pickaxe":2,"minecraft:shield":1,"minecraft:stone_axe":2,"minecraft:iron_pickaxe":1,"minecraft:iron_helmet":1,"minecraft:wooden_axe":1,"minecraft:stone_shovel":4}},"DataVersion":3465}